id,client_id,start_time,end_time
7416ebc3-12ce-4000-87fb-82973722ebf4,263f67fa-ce8f-447b-98cf-317656542216,2016-02-07 17:15:00 +0000,2016-02-07 20:15:00 +0000
e01901d2-bbdc-485f-a3ee-8d4a5e8d77fe,7f71a7f3-629b-42c2-a903-9460bf6b1891,2016-02-10 13:00:00 +0000,2016-02-10 13:45:00 +0000
57b23971-74f4-464c-b79b-3326cd01fc15,690133c1-785c-49b1-8c59-4416a8545260,2016-02-11 14:30:00 +0000,2016-02-11 15:00:00 +0000
35d69069-1b3f-4921-b048-65765d8f495f,8c4ee803-4c54-4087-a17f-9c53041d35c9,2016-02-12 13:15:00 +0000,2016-02-12 14:15:00 +0000
76544614-e172-44fd-a5a2-a0ac172630ca,db453d54-d7ef-4cc3-b342-52b80fa0936a,2016-02-14 09:45:00 +0000,2016-02-14 12:45:00 +0000
49eb6e7f-1844-4922-ae6f-ba546cdd2551,79931449-7ca4-4db8-aec0-2c78e08f6bfc,2016-02-14 14:15:00 +0000,2016-02-14 15:15:00 +0000
f62408c5-9d50-4895-9c5c-722199082524,d7fad868-7517-4a1b-a234-e2450ca65ec4,2016-02-20 17:15:00 +0000,2016-02-20 17:45:00 +0000
10c242b3-385c-413e-a6e6-2e788291ee91,aaa9abe4-53cb-47a5-87e6-c56a4496e9f4,2016-02-21 09:15:00 +0000,2016-02-21 09:45:00 +0000
76f2857c-9242-4adc-ba42-e8d391caea9d,d94ad66f-f1d1-46ad-aaaf-423965dba2fa,2016-02-21 11:00:00 +0000,2016-02-21 14:00:00 +0000
921597eb-5f20-4eec-9c36-6df0ef21ed67,dce75599-0164-49da-b266-74026ea078d4,2016-02-22 11:30:00 +0000,2016-02-22 14:30:00 +0000
603418e0-bc71-44b8-81a9-b1f36c8364f7,e318192c-e6c7-4b38-bc83-591f54f6d5ab,2016-02-23 14:45:00 +0000,2016-02-23 15:45:00 +0000
54b186f6-bac3-495c-9873-54ec806e9f40,08ced56c-f223-4f41-b5dc-76eb6fa15b93,2016-02-24 11:00:00 +0000,2016-02-24 11:20:00 +0000
5fdf2825-b1b3-4fa8-82e2-9b4b81f0ad7d,88341059-ecaa-44cc-912e-669a4fbbd63e,2016-02-25 14:45:00 +0000,2016-02-25 14:55:00 +0000
14933cc5-a18d-4a4c-9353-f863ca82308d,1f0bf5b2-9e9e-4f8d-b07a-ec330e1ad2cb,2016-02-26 12:45:00 +0000,2016-02-26 13:15:00 +0000
8b2d9475-2ac5-44fa-979e-52282f79144f,65b27e1c-d8be-4a35-be9f-89af57356e2c,2016-02-28 14:30:00 +0000,2016-02-28 14:40:00 +0000
3c595a8e-5803-4c56-95d1-d7725fbc455c,5874a4fc-d96c-426f-8ae8-c7dfa5b60c3e,2016-03-01 16:30:00 +0000,2016-03-01 17:15:00 +0000
d613bc13-0f8d-4cb9-aea0-ad5200b873fc,aa1b3e64-8379-4e64-8b1f-d9f542058a44,2016-03-02 10:30:00 +0000,2016-03-02 10:40:00 +0000
8d206383-2cd0-4b57-a133-56711866d78d,de383a04-ba82-4441-87be-7bf9b81fe92d,2016-03-02 15:00:00 +0000,2016-03-02 15:30:00 +0000
9c4461d8-b27c-4382-9f6e-330d5fbada42,a2c709ef-82a5-4d94-8bc7-138619ca5deb,2016-03-06 14:00:00 +0000,2016-03-06 15:00:00 +0000
ac6032ba-8e0f-4f66-acd2-a06d0bc874ec,549b0574-ae7d-441b-8c67-bc2f98cc753a,2016-03-06 15:00:00 +0000,2016-03-06 18:00:00 +0000
72f5d4fd-8a75-4fd6-95b8-b797c8467aaf,9df98732-1696-45d4-b055-672909bf295c,2016-03-08 09:00:00 +0000,2016-03-08 09:10:00 +0000
39861ab7-2874-4527-bcb1-b4b31960e376,dce75599-0164-49da-b266-74026ea078d4,2016-03-10 15:15:00 +0000,2016-03-10 18:15:00 +0000
0aa74fd1-a826-430b-b837-110b44800592,007a2d25-acb0-461d-bb79-ed45750587b5,2016-03-11 17:45:00 +0000,2016-03-11 18:15:00 +0000
39911c4e-3081-4a74-8f64-d250122e41ee,773bac3b-43da-46c7-8117-8d19142e68f7,2016-03-12 17:30:00 +0000,2016-03-12 18:00:00 +0000
07a77659-21b9-4eda-9f4e-54ea8b14f084,de8551cb-cb32-401c-923d-d2f119c1c7ca,2016-03-16 16:30:00 +0000,2016-03-16 19:30:00 +0000
4afc90d1-4751-4842-bba3-9af64a708f10,6fbd3276-6240-4180-8905-8f4287fded83,2016-03-20 14:45:00 +0000,2016-03-20 17:45:00 +0000
2878e8b1-23bf-4225-abaa-db4f06bdee61,78afc583-c1ea-472b-b24d-4316e74d071d,2016-03-21 10:00:00 +0000,2016-03-21 10:20:00 +0000
82e01293-d9a4-413d-9da7-b67b4df7d878,52edc4cd-ecf1-4c29-b0cd-064f66426d69,2016-03-27 10:00:00 +0100,2016-03-27 10:10:00 +0100
db9cc646-0fbd-4d2b-bf0f-2b7f6e4c358d,0d64d654-e493-4165-830a-098030e9a5ce,2016-03-28 09:00:00 +0100,2016-03-28 12:00:00 +0100
4953a1fb-6915-4712-a4a6-1cfafe9ca328,e78bdec6-8c8e-42e8-8e0b-f3f9657f4181,2016-03-28 12:45:00 +0100,2016-03-28 13:45:00 +0100
ad1d2c3f-5cf6-457c-a021-bbdc830b552a,5d050bb8-5ca1-465a-afa7-a636a91075e7,2016-04-05 11:30:00 +0100,2016-04-05 14:30:00 +0100
6bbc0c40-b1bf-4036-bf1b-880443a08ab1,4af9418c-ccd5-4c84-b3b2-ead29e3b549c,2016-04-07 11:15:00 +0100,2016-04-07 14:15:00 +0100
2a835afd-f536-45db-bb09-9c7c51e6b28f,52edc4cd-ecf1-4c29-b0cd-064f66426d69,2016-04-11 12:00:00 +0100,2016-04-11 13:00:00 +0100
89a1d4cd-7be6-4aab-9fc7-8841635dfa91,88341059-ecaa-44cc-912e-669a4fbbd63e,2016-04-12 09:00:00 +0100,2016-04-12 09:45:00 +0100
0dccc157-a204-488b-920d-5f331a120357,21145506-548b-472c-bcac-8672f940e5bd,2016-04-14 11:30:00 +0100,2016-04-14 12:15:00 +0100
ec204d75-ff43-47e5-b5d5-f26d88958be9,78afc583-c1ea-472b-b24d-4316e74d071d,2016-04-20 16:15:00 +0100,2016-04-20 17:15:00 +0100
567f8779-29b7-4abf-b945-a616fff43277,9bcb8313-24b8-4e1f-8abf-47cd05e93b06,2016-04-23 11:30:00 +0100,2016-04-23 12:30:00 +0100
68402911-0fc4-4e15-bfcf-dd1194e6fcaa,101366e7-9d33-4c36-ad01-173b2d061b1f,2016-04-23 15:15:00 +0100,2016-04-23 15:35:00 +0100
bbf4c462-bbad-4a98-aa08-71d9e5dcdb75,64ae7be5-1a3f-4b98-9392-99993c9821a7,2016-04-24 10:15:00 +0100,2016-04-24 10:25:00 +0100
1b2bd429-b921-4d75-8095-0679b3177991,52edc4cd-ecf1-4c29-b0cd-064f66426d69,2016-04-26 09:30:00 +0100,2016-04-26 09:40:00 +0100
0c672f55-0988-4d04-9f86-a287d9d57d01,78afc583-c1ea-472b-b24d-4316e74d071d,2016-04-28 13:00:00 +0100,2016-04-28 14:00:00 +0100
36ed1fc8-aa9e-4f14-99ba-6ebc52149755,912de751-87d1-4178-af5a-1ecc4c5d6fe4,2016-04-29 12:45:00 +0100,2016-04-29 13:15:00 +0100
47835f0a-a063-4c7f-abe2-4e018b6f2d80,da076851-9b11-46dc-8da0-1da71bf7d909,2016-05-02 16:00:00 +0100,2016-05-02 16:45:00 +0100
98eab02e-fad1-4b54-9e19-c3606807eb98,d8ce4221-b01b-43a0-bd94-e3b9aa58d039,2016-05-06 15:15:00 +0100,2016-05-06 16:00:00 +0100
20ae6bb1-0ab7-4813-85e3-8148affd041f,20b469e2-c9f7-49f3-bd3a-e79fe8180d8a,2016-05-07 11:30:00 +0100,2016-05-07 12:15:00 +0100
a1bac586-37fa-4c03-85e9-71de617262a5,18e928f0-dfe6-4609-9a8b-072de89bc3cb,2016-05-07 12:45:00 +0100,2016-05-07 13:45:00 +0100
42692c70-ba06-42d1-ad80-f8028726f255,271c2bb5-689f-4a00-a552-83605affe02b,2016-05-12 15:00:00 +0100,2016-05-12 15:45:00 +0100
1f0f9cc3-4c6b-4aa2-a73e-b6b78f5c7a5f,e318192c-e6c7-4b38-bc83-591f54f6d5ab,2016-05-13 09:15:00 +0100,2016-05-13 12:15:00 +0100
dabff98f-f1a7-4a6f-ac46-f34502b04540,20b469e2-c9f7-49f3-bd3a-e79fe8180d8a,2016-05-15 09:45:00 +0100,2016-05-15 10:30:00 +0100
33152bd0-b3c3-48bb-b6de-406e5e6c6066,b10231f8-d7a2-4486-a4e9-f55bf80e27fe,2016-05-20 10:45:00 +0100,2016-05-20 10:55:00 +0100
a1e6f7c9-1a7c-4f9e-a24b-253aef326e69,1f0bf5b2-9e9e-4f8d-b07a-ec330e1ad2cb,2016-05-24 11:15:00 +0100,2016-05-24 11:25:00 +0100
77bac4b3-e938-401a-bed0-696f1d0490bb,549b0574-ae7d-441b-8c67-bc2f98cc753a,2016-05-28 11:30:00 +0100,2016-05-28 12:30:00 +0100
ccd3410f-b8b7-4c06-97c6-f0f9d5183e03,4e2d21e8-180c-4ea9-8384-0b17b4673473,2016-05-30 13:45:00 +0100,2016-05-30 16:45:00 +0100
3d9d8476-5fb6-411a-8db6-0657c1f7077d,aa1b3e64-8379-4e64-8b1f-d9f542058a44,2016-06-03 13:30:00 +0100,2016-06-03 13:40:00 +0100
b9b29e37-9136-481c-81ce-d883e5b15012,4f147eda-3805-4cc7-a9aa-a1163ac547b0,2016-06-04 13:30:00 +0100,2016-06-04 14:30:00 +0100
a89db7e7-93ba-4dca-bb82-9089959b9f1c,379eac1e-1c79-4478-b83e-17a726d154a7,2016-06-05 09:15:00 +0100,2016-06-05 09:25:00 +0100
d4c22708-ce71-40a2-88a4-c305d21aa408,de383a04-ba82-4441-87be-7bf9b81fe92d,2016-06-07 16:15:00 +0100,2016-06-07 16:45:00 +0100
a84d1981-142a-46de-88e2-569ec5201add,1da8210b-43a7-4649-9311-31aa93505355,2016-06-08 12:00:00 +0100,2016-06-08 13:00:00 +0100
62d6956d-1c7d-447b-8d3d-94745caac7af,5874a4fc-d96c-426f-8ae8-c7dfa5b60c3e,2016-06-10 16:30:00 +0100,2016-06-10 19:30:00 +0100
3941b8eb-dea3-44f8-aa41-a2370b1fe1db,0af7c9e3-99a1-4d1b-ad92-d8554b3a4241,2016-06-11 12:00:00 +0100,2016-06-11 13:00:00 +0100
78c9261b-860f-4edd-9882-2409b0017b17,1b367dbb-8671-435f-a38f-afd71483ee30,2016-06-13 12:30:00 +0100,2016-06-13 13:00:00 +0100
7525e4a4-dce3-4379-be27-89a8b99c2c9a,d7fad868-7517-4a1b-a234-e2450ca65ec4,2016-06-17 09:15:00 +0100,2016-06-17 10:00:00 +0100
0024fde7-1d34-4573-b3c4-28627117cbd4,5d050bb8-5ca1-465a-afa7-a636a91075e7,2016-06-19 13:00:00 +0100,2016-06-19 13:20:00 +0100
2407d7de-e0ea-4f04-ad63-46fad236c8eb,20b469e2-c9f7-49f3-bd3a-e79fe8180d8a,2016-06-20 10:30:00 +0100,2016-06-20 10:40:00 +0100
19c38228-ce69-45b5-9557-0c4b16e993c5,e78bdec6-8c8e-42e8-8e0b-f3f9657f4181,2016-06-20 16:15:00 +0100,2016-06-20 19:15:00 +0100
d3749667-7394-4309-a1a9-cd51f1bcf3a4,65b27e1c-d8be-4a35-be9f-89af57356e2c,2016-06-25 11:45:00 +0100,2016-06-25 11:55:00 +0100
9bdc5be9-3d69-4044-92c7-2717d4c626b7,9a8ff94c-7c48-4dad-91d4-3531ff109cf2,2016-07-06 16:15:00 +0100,2016-07-06 17:00:00 +0100
2bcadf7e-aed9-4418-b477-6405ce00d54d,6cc17b57-478f-4b1d-adcf-437af488fe7f,2016-07-18 11:45:00 +0100,2016-07-18 12:45:00 +0100
31df448a-53c1-4899-9743-8c15811e713b,dce75599-0164-49da-b266-74026ea078d4,2016-07-20 13:45:00 +0100,2016-07-20 13:55:00 +0100
6c05cf0d-0038-4ccf-9cc9-7a997f16baf9,271c2bb5-689f-4a00-a552-83605affe02b,2016-07-26 15:45:00 +0100,2016-07-26 16:05:00 +0100
9cd3a023-36fb-4d2f-880a-f223a96423e3,4e2d21e8-180c-4ea9-8384-0b17b4673473,2016-07-28 14:30:00 +0100,2016-07-28 17:30:00 +0100
988a7943-00aa-43bf-8a58-319309c995ef,78afc583-c1ea-472b-b24d-4316e74d071d,2016-07-29 15:00:00 +0100,2016-07-29 18:00:00 +0100
fdd6cc4c-eeea-4805-a5b4-5191a420ab49,9707e334-5949-4b8f-af5b-e1e8e8afdb94,2016-07-29 16:45:00 +0100,2016-07-29 16:55:00 +0100
e486bf2f-64e7-47b6-a61c-4ff7048552a2,de383a04-ba82-4441-87be-7bf9b81fe92d,2016-07-30 17:45:00 +0100,2016-07-30 18:45:00 +0100
e42389b4-ed0c-496c-bc00-88168507248f,4af9418c-ccd5-4c84-b3b2-ead29e3b549c,2016-07-31 13:00:00 +0100,2016-07-31 13:10:00 +0100
7bf31254-59bd-495a-9e14-6e6a36917fac,64ae7be5-1a3f-4b98-9392-99993c9821a7,2016-08-04 09:30:00 +0100,2016-08-04 09:40:00 +0100
a2e0ea6b-0e0c-46c5-9a0e-daf5c8ad1c49,912de751-87d1-4178-af5a-1ecc4c5d6fe4,2016-08-08 16:00:00 +0100,2016-08-08 16:10:00 +0100
453527f0-8543-40b6-a069-7d3c0e5c1758,9a8ff94c-7c48-4dad-91d4-3531ff109cf2,2016-08-10 09:30:00 +0100,2016-08-10 10:30:00 +0100
bb230831-e02e-4ad3-9131-7b930fcf2e6e,1f0bf5b2-9e9e-4f8d-b07a-ec330e1ad2cb,2016-08-11 16:45:00 +0100,2016-08-11 17:05:00 +0100
8094a3e0-c885-425f-823a-1c3e0fceda16,7a31856b-0c7a-4234-b4a0-fe5201fcf050,2016-08-15 13:30:00 +0100,2016-08-15 14:30:00 +0100
73de4207-0141-484b-96ff-4ca62b84307d,0296c403-c298-4ccd-acd6-422cf9d27728,2016-08-17 11:45:00 +0100,2016-08-17 14:45:00 +0100
8a6e543b-5d95-4a69-bdd5-048ffbffabc5,b10231f8-d7a2-4486-a4e9-f55bf80e27fe,2016-08-18 13:15:00 +0100,2016-08-18 13:25:00 +0100
6de33aec-d36c-4f53-8700-a15b6c5ba8ef,f5726b2a-9962-451b-b7eb-c0adefdb0fb5,2016-08-18 15:45:00 +0100,2016-08-18 16:45:00 +0100
63df7847-ca5c-4ae6-8b96-0dd4c762b7b8,9a8ff94c-7c48-4dad-91d4-3531ff109cf2,2016-08-19 12:30:00 +0100,2016-08-19 13:00:00 +0100
5018f590-0c16-4823-bcd6-573614eed6d8,1a9ac431-f772-4e4d-8bcd-fba0fbaaccdf,2016-08-19 12:30:00 +0100,2016-08-19 13:30:00 +0100
f046bcf2-9a5b-4f1b-8a51-13d6a517e325,dce75599-0164-49da-b266-74026ea078d4,2016-08-22 12:00:00 +0100,2016-08-22 13:00:00 +0100
b02fc2fe-3c44-4b60-b629-7efa6549087e,da076851-9b11-46dc-8da0-1da71bf7d909,2016-08-28 17:15:00 +0100,2016-08-28 17:25:00 +0100
97a25897-1eb6-43e2-b4cc-4102dbc75ba3,379eac1e-1c79-4478-b83e-17a726d154a7,2016-08-29 09:15:00 +0100,2016-08-29 10:15:00 +0100
ed5be303-7e50-41f4-88b3-7f5d3f23a18c,18e928f0-dfe6-4609-9a8b-072de89bc3cb,2016-08-29 16:30:00 +0100,2016-08-29 19:30:00 +0100
1b1630ce-5b62-4fd6-a7c6-9b7458025d32,21145506-548b-472c-bcac-8672f940e5bd,2016-08-30 16:00:00 +0100,2016-08-30 19:00:00 +0100
81636e14-4431-47de-9e6f-7659983e4ff7,263f67fa-ce8f-447b-98cf-317656542216,2016-08-30 17:00:00 +0100,2016-08-30 17:10:00 +0100
e7450ec0-5b52-4c72-afc8-9b11381e4421,a928261d-9e66-48fa-b066-c61fff2dd3e6,2016-08-31 11:15:00 +0100,2016-08-31 11:45:00 +0100
e30dd578-ea5f-4618-bca1-c3950e2e22d0,263f67fa-ce8f-447b-98cf-317656542216,2016-09-06 10:30:00 +0100,2016-09-06 10:40:00 +0100
045e2eec-bdf9-457d-ab7e-63e34098721c,1163f823-3849-4294-8a7c-66a556f5122c,2016-09-08 13:45:00 +0100,2016-09-08 13:55:00 +0100
a6686895-729d-4ea3-ab66-a86d13e7dae6,b04e3ac9-c9f0-420a-9c4d-34bd41a46e36,2016-09-10 15:15:00 +0100,2016-09-10 16:00:00 +0100
6f7c11ab-4705-4e2b-b32c-94df3ba97d65,104fdf33-c8a2-4f1c-b371-3e9c2facdfa0,2016-09-11 12:45:00 +0100,2016-09-11 12:55:00 +0100
3ed8313b-cd34-4a8c-8d4e-71c61bed7962,8c4ee803-4c54-4087-a17f-9c53041d35c9,2016-09-13 17:15:00 +0100,2016-09-13 17:25:00 +0100
11dd5425-85b8-4e46-8bea-adcafa78d619,d0195d5b-b4c6-43fc-a204-0f23e4da121f,2016-09-18 14:00:00 +0100,2016-09-18 14:30:00 +0100
3c550776-e39b-482c-a654-d16d08e6b937,e318192c-e6c7-4b38-bc83-591f54f6d5ab,2016-09-24 11:45:00 +0100,2016-09-24 12:15:00 +0100
4de6ca39-53f3-4c4d-99fc-dd3fbb094aa1,da076851-9b11-46dc-8da0-1da71bf7d909,2016-09-25 16:00:00 +0100,2016-09-25 17:00:00 +0100
ad2656d8-0509-4664-9b67-4005b9c6865b,1f0bf5b2-9e9e-4f8d-b07a-ec330e1ad2cb,2016-10-06 13:30:00 +0100,2016-10-06 16:30:00 +0100
02a1a8e2-ec37-47c0-a095-c50dd1f29de7,690133c1-785c-49b1-8c59-4416a8545260,2016-10-12 14:30:00 +0100,2016-10-12 15:15:00 +0100
f52e9dd0-bfd6-43f1-82e2-94ef42dc314d,6907ef58-5db5-4cd0-b740-ea166093bcab,2016-10-13 13:30:00 +0100,2016-10-13 13:40:00 +0100
76ab4b6f-5a4a-4a02-85a4-4d604258b60a,1f0bf5b2-9e9e-4f8d-b07a-ec330e1ad2cb,2016-10-16 16:45:00 +0100,2016-10-16 16:55:00 +0100
b05ea150-b271-4594-a118-702ca4733bea,271c2bb5-689f-4a00-a552-83605affe02b,2016-10-17 12:30:00 +0100,2016-10-17 13:00:00 +0100
211e4b8e-128a-430b-a2d3-0cf72d7c12d3,96d8e298-983a-4232-b0fd-57535eead76a,2016-10-17 16:45:00 +0100,2016-10-17 16:55:00 +0100
132bd839-14c1-4764-a20c-cc9216eee7e6,5d050bb8-5ca1-465a-afa7-a636a91075e7,2016-10-19 15:30:00 +0100,2016-10-19 16:00:00 +0100
daf3f239-5c0e-4ed0-b680-e020fe47f608,a1fa2efb-1bf3-4d8b-a2c8-154ab7899f32,2016-10-20 13:00:00 +0100,2016-10-20 14:00:00 +0100
f701307c-c65e-43e8-9d95-4ad634e5581f,549b0574-ae7d-441b-8c67-bc2f98cc753a,2016-10-24 16:45:00 +0100,2016-10-24 17:30:00 +0100
b92fa3fc-ffc1-47f1-91b4-a26121fdb692,78afc583-c1ea-472b-b24d-4316e74d071d,2016-10-28 09:30:00 +0100,2016-10-28 10:15:00 +0100
2a76c4e4-1114-42c5-805f-b602954588ac,08ced56c-f223-4f41-b5dc-76eb6fa15b93,2016-11-02 11:30:00 +0000,2016-11-02 12:30:00 +0000
d43ad8cc-a57f-41bc-a99e-4ca139acbf74,65b27e1c-d8be-4a35-be9f-89af57356e2c,2016-11-03 11:45:00 +0000,2016-11-03 12:30:00 +0000
6214f896-c9a1-49a2-aa47-907c35b85f34,db453d54-d7ef-4cc3-b342-52b80fa0936a,2016-11-04 14:45:00 +0000,2016-11-04 15:15:00 +0000
e828e070-f574-429a-8137-fac79f14a6e2,b10231f8-d7a2-4486-a4e9-f55bf80e27fe,2016-11-09 13:30:00 +0000,2016-11-09 14:00:00 +0000
537fbe5e-9695-405e-bade-eb7fa4464440,b10231f8-d7a2-4486-a4e9-f55bf80e27fe,2016-11-09 16:45:00 +0000,2016-11-09 19:45:00 +0000
667ff36d-4d01-4e4a-b451-9a51f43e2876,101366e7-9d33-4c36-ad01-173b2d061b1f,2016-11-17 10:30:00 +0000,2016-11-17 11:30:00 +0000
ec63698f-df31-47e5-8918-e31a1d374bfe,101366e7-9d33-4c36-ad01-173b2d061b1f,2016-11-20 17:45:00 +0000,2016-11-20 20:45:00 +0000
c3df8753-ec58-4f95-9955-bee2461fee2d,b04e3ac9-c9f0-420a-9c4d-34bd41a46e36,2016-11-21 12:45:00 +0000,2016-11-21 13:15:00 +0000
ab556557-832e-42b1-b2a4-e437e612c804,271c2bb5-689f-4a00-a552-83605affe02b,2016-11-21 13:45:00 +0000,2016-11-21 14:05:00 +0000
eea9f177-b400-443d-80d9-6617e495b1f8,5d050bb8-5ca1-465a-afa7-a636a91075e7,2016-11-22 09:15:00 +0000,2016-11-22 10:15:00 +0000
050affde-d138-4ddf-a664-162193d8a959,f5726b2a-9962-451b-b7eb-c0adefdb0fb5,2016-11-23 09:30:00 +0000,2016-11-23 10:00:00 +0000
b5e5b581-8b58-4431-ad4c-29464a678b0e,1a9ac431-f772-4e4d-8bcd-fba0fbaaccdf,2016-11-24 12:45:00 +0000,2016-11-24 12:55:00 +0000
1b0d7be5-7ca6-463b-9189-21393f5d457f,2f16fb54-3113-4bca-83c0-6bdefd612520,2016-11-25 17:45:00 +0000,2016-11-25 18:05:00 +0000
3792ec37-28a0-407c-b269-65ad7c0bb5c5,1bc997d9-d608-4548-a5fd-d628c309315e,2016-11-27 13:30:00 +0000,2016-11-27 13:50:00 +0000
baa35b96-fcd3-4de0-a0ec-bf529c3f9868,110f2a57-9e65-47eb-934b-ee74c0451546,2016-11-28 11:15:00 +0000,2016-11-28 14:15:00 +0000
7dd5ddf3-c2b7-4934-882a-016abc3fb37a,936a1aba-a8b2-4d3e-9872-06ff2fec8ab0,2016-11-30 11:15:00 +0000,2016-11-30 11:45:00 +0000
3e242e33-2bc2-45c8-9153-80f778d7932b,08ced56c-f223-4f41-b5dc-76eb6fa15b93,2016-12-04 14:15:00 +0000,2016-12-04 15:00:00 +0000
41bfebf5-8693-4541-a1d1-a8db64f22f02,96d8e298-983a-4232-b0fd-57535eead76a,2016-12-05 12:30:00 +0000,2016-12-05 13:30:00 +0000
0908e3f5-2b99-4a56-b589-0cbbb7750160,6907ef58-5db5-4cd0-b740-ea166093bcab,2016-12-06 11:45:00 +0000,2016-12-06 11:55:00 +0000
ba2055a4-d3e9-4e97-8254-0fd47568f79d,dce75599-0164-49da-b266-74026ea078d4,2016-12-07 16:00:00 +0000,2016-12-07 16:10:00 +0000
914d44aa-a1fc-41b6-94cb-680d2ecf23a5,6db46ac7-105f-415f-91e3-bf1f7fdc2b19,2016-12-08 13:00:00 +0000,2016-12-08 13:20:00 +0000
631426dc-5679-4d29-87ee-c8bc3168d6c3,de65f69e-4dd3-4b15-8377-28a75647daad,2016-12-08 14:30:00 +0000,2016-12-08 15:15:00 +0000
2a3dce95-5516-4725-8f9f-dc439a7664aa,4af9418c-ccd5-4c84-b3b2-ead29e3b549c,2016-12-11 13:45:00 +0000,2016-12-11 14:30:00 +0000
41e391f7-28b0-4f39-9ecf-2730e1db2f8d,a928261d-9e66-48fa-b066-c61fff2dd3e6,2016-12-12 14:45:00 +0000,2016-12-12 17:45:00 +0000
68133587-ece7-4491-9764-c46a616db09e,d94ad66f-f1d1-46ad-aaaf-423965dba2fa,2016-12-13 11:15:00 +0000,2016-12-13 11:25:00 +0000
541ed368-131f-4a44-97a6-b7dc628ac601,9a8ff94c-7c48-4dad-91d4-3531ff109cf2,2016-12-15 09:45:00 +0000,2016-12-15 10:05:00 +0000
4fc8cf8e-2462-4c21-bcf2-abee68b7fc88,de65f69e-4dd3-4b15-8377-28a75647daad,2016-12-17 12:30:00 +0000,2016-12-17 13:15:00 +0000
53f266de-42f2-44c9-a57d-75752b81eee6,de383a04-ba82-4441-87be-7bf9b81fe92d,2016-12-18 15:15:00 +0000,2016-12-18 18:15:00 +0000
873bb92f-25dd-4dcd-a9d7-9344abce623a,2233143b-5d8c-4c47-9803-4ca3d33cb314,2016-12-21 09:00:00 +0000,2016-12-21 10:00:00 +0000
9a0f7ff8-b9ce-4683-a003-f43c23e6ac61,1bc997d9-d608-4548-a5fd-d628c309315e,2016-12-21 13:00:00 +0000,2016-12-21 13:45:00 +0000
e5d0efe9-2b66-48c2-b20a-c2cb5c5522c2,271c2bb5-689f-4a00-a552-83605affe02b,2016-12-26 17:00:00 +0000,2016-12-26 17:45:00 +0000
8dff2f2b-4e86-458f-be84-ede26685cf3d,007a2d25-acb0-461d-bb79-ed45750587b5,2016-12-28 10:45:00 +0000,2016-12-28 10:55:00 +0000
4c859c1f-712c-4010-9f28-4c1d5c62906e,271c2bb5-689f-4a00-a552-83605affe02b,2017-01-03 12:45:00 +0000,2017-01-03 13:30:00 +0000
e3f6cfd4-b70b-47fb-86f3-5280dfc8abfe,e0779fa6-7635-4df6-b906-d0d665ce5044,2017-01-04 14:15:00 +0000,2017-01-04 15:00:00 +0000
9421eaee-0c6c-483c-8f33-33e68fb11cbc,e6ff36d4-3607-4ef5-9ce8-54442b303e80,2017-01-05 15:45:00 +0000,2017-01-05 16:30:00 +0000
e2ec2446-6769-4d62-a3b9-d500ea90d8c1,a2c709ef-82a5-4d94-8bc7-138619ca5deb,2017-01-05 16:00:00 +0000,2017-01-05 19:00:00 +0000
fb04de1d-d5b9-429f-8d2a-70392e16e29c,9a8ff94c-7c48-4dad-91d4-3531ff109cf2,2017-01-06 11:15:00 +0000,2017-01-06 11:25:00 +0000
91c97e40-da58-4948-97bd-d170bced530c,aa1b3e64-8379-4e64-8b1f-d9f542058a44,2017-01-07 14:15:00 +0000,2017-01-07 14:35:00 +0000
076c845b-7424-41e4-bd03-bce874e57c45,4f147eda-3805-4cc7-a9aa-a1163ac547b0,2017-01-08 16:00:00 +0000,2017-01-08 16:10:00 +0000
6c5b4a26-1cd6-4cbd-83f7-0128884a86e5,e6ff36d4-3607-4ef5-9ce8-54442b303e80,2017-01-09 15:15:00 +0000,2017-01-09 16:00:00 +0000
51cc1514-b417-4f76-913d-d4381907d973,78afc583-c1ea-472b-b24d-4316e74d071d,2017-01-14 14:15:00 +0000,2017-01-14 14:25:00 +0000
7df107dc-f5c8-4956-a310-9c3f282b6217,aa1b3e64-8379-4e64-8b1f-d9f542058a44,2017-01-16 17:30:00 +0000,2017-01-16 17:50:00 +0000
30bb36c0-0fc7-442c-8012-967742ed7bd4,7f71a7f3-629b-42c2-a903-9460bf6b1891,2017-01-18 11:30:00 +0000,2017-01-18 12:30:00 +0000
897d70d9-9b9b-4d4f-9c9e-1f61e2181523,de383a04-ba82-4441-87be-7bf9b81fe92d,2017-01-25 10:15:00 +0000,2017-01-25 10:35:00 +0000
5f6065b1-1d35-4091-8fdf-6eef2ebff131,a928261d-9e66-48fa-b066-c61fff2dd3e6,2017-01-27 12:00:00 +0000,2017-01-27 15:00:00 +0000
65366952-39e8-4a94-9ca0-86a8534bf59a,4af9418c-ccd5-4c84-b3b2-ead29e3b549c,2017-01-29 11:15:00 +0000,2017-01-29 12:15:00 +0000
2d5d95e2-64a4-4b8d-9ded-74bd78c6959f,0296c403-c298-4ccd-acd6-422cf9d27728,2017-01-29 16:15:00 +0000,2017-01-29 16:35:00 +0000
1d971c15-9ddd-4b38-9740-b800479d9223,88341059-ecaa-44cc-912e-669a4fbbd63e,2017-02-02 12:45:00 +0000,2017-02-02 13:45:00 +0000
c09c2011-f62e-4fea-9559-ae8b2b3f48f2,65b27e1c-d8be-4a35-be9f-89af57356e2c,2017-02-02 16:45:00 +0000,2017-02-02 17:30:00 +0000
d290ec4f-33f6-4362-862c-0fc867717fe8,549b0574-ae7d-441b-8c67-bc2f98cc753a,2017-02-06 09:00:00 +0000,2017-02-06 09:30:00 +0000
2a531024-5e83-4f64-8122-886faa831d46,549b0574-ae7d-441b-8c67-bc2f98cc753a,2017-02-11 10:00:00 +0000,2017-02-11 13:00:00 +0000
9e5245c6-8d54-4b97-9997-93c7ac1b8b83,773bac3b-43da-46c7-8117-8d19142e68f7,2017-02-12 14:00:00 +0000,2017-02-12 15:00:00 +0000
7a442474-e93e-4eff-9fb8-1febbbf50e15,aaa9abe4-53cb-47a5-87e6-c56a4496e9f4,2017-02-15 13:30:00 +0000,2017-02-15 14:30:00 +0000
69c991dc-2a63-45f6-9834-c1a833b551e4,de383a04-ba82-4441-87be-7bf9b81fe92d,2017-02-19 17:30:00 +0000,2017-02-19 18:30:00 +0000
89ae9633-38ba-484d-8952-7fd95ef7c071,aa1b3e64-8379-4e64-8b1f-d9f542058a44,2017-02-22 09:15:00 +0000,2017-02-22 10:00:00 +0000
f8b1bfee-367f-4db1-aaae-4cbf37b1f744,6907ef58-5db5-4cd0-b740-ea166093bcab,2017-02-23 12:00:00 +0000,2017-02-23 12:45:00 +0000
77cb0dba-69ca-4838-be2d-dcc92d1cfc43,0d64d654-e493-4165-830a-098030e9a5ce,2017-02-24 14:15:00 +0000,2017-02-24 14:25:00 +0000
58d87032-7516-4be7-9973-bc00dd5af863,104fdf33-c8a2-4f1c-b371-3e9c2facdfa0,2017-02-26 16:15:00 +0000,2017-02-26 17:15:00 +0000
9176251e-2a01-4ee8-8f39-bb9303445a52,4e2d21e8-180c-4ea9-8384-0b17b4673473,2017-02-28 10:45:00 +0000,2017-02-28 13:45:00 +0000
380b5bc1-6c97-4f55-b7b1-8e725ac0b7d9,db453d54-d7ef-4cc3-b342-52b80fa0936a,2017-03-04 09:45:00 +0000,2017-03-04 10:45:00 +0000
0af33b21-ce7c-4515-8959-e240aa67cdb5,da076851-9b11-46dc-8da0-1da71bf7d909,2017-03-04 11:15:00 +0000,2017-03-04 11:35:00 +0000
02869a92-e698-4e60-9026-608c87a6b6b4,52edc4cd-ecf1-4c29-b0cd-064f66426d69,2017-03-05 14:00:00 +0000,2017-03-05 14:30:00 +0000
343b1028-6757-4d2d-9268-c8e6c3ef69a1,62a86035-c792-427b-9a19-a7bcd8a474ee,2017-03-06 13:00:00 +0000,2017-03-06 13:45:00 +0000
7e2db5f4-60bc-4549-ac8a-d9b6dcc3072d,96d8e298-983a-4232-b0fd-57535eead76a,2017-03-08 12:30:00 +0000,2017-03-08 13:30:00 +0000
f41caa74-c91b-4c2b-a07c-ce4907168900,20b469e2-c9f7-49f3-bd3a-e79fe8180d8a,2017-03-11 10:00:00 +0000,2017-03-11 10:10:00 +0000
3aaa7cf8-0691-4257-8e93-173216343162,1f0bf5b2-9e9e-4f8d-b07a-ec330e1ad2cb,2017-03-11 16:00:00 +0000,2017-03-11 19:00:00 +0000
bf364185-ee76-48c4-90dc-6700a4071ad1,9a8ff94c-7c48-4dad-91d4-3531ff109cf2,2017-03-12 14:00:00 +0000,2017-03-12 17:00:00 +0000
61d5863b-44fa-40ff-a7b0-70a7bda579a2,aaa9abe4-53cb-47a5-87e6-c56a4496e9f4,2017-03-15 09:00:00 +0000,2017-03-15 09:10:00 +0000
2cb33634-2509-4e24-9fe9-03a0238b247b,1f0bf5b2-9e9e-4f8d-b07a-ec330e1ad2cb,2017-03-16 17:45:00 +0000,2017-03-16 18:30:00 +0000
8926773c-ea35-4314-880f-682ff8501cf9,db453d54-d7ef-4cc3-b342-52b80fa0936a,2017-03-17 17:45:00 +0000,2017-03-17 17:55:00 +0000
7f239165-37f4-49c7-b8b4-d19d506b6448,e318192c-e6c7-4b38-bc83-591f54f6d5ab,2017-03-18 16:00:00 +0000,2017-03-18 16:30:00 +0000
85132a85-206e-424f-8953-b5f564b19688,e6ff36d4-3607-4ef5-9ce8-54442b303e80,2017-03-19 17:00:00 +0000,2017-03-19 17:10:00 +0000
00906efb-7350-49cc-b13e-a760c9917c50,9bcb8313-24b8-4e1f-8abf-47cd05e93b06,2017-03-20 16:15:00 +0000,2017-03-20 19:15:00 +0000
6627cf93-f163-44fb-8657-427332330a64,da076851-9b11-46dc-8da0-1da71bf7d909,2017-03-23 14:00:00 +0000,2017-03-23 14:45:00 +0000
46ca1890-d757-4067-8509-39db48ebbd91,8f90ea2c-e518-4606-a02d-8c472973ea40,2017-03-25 14:30:00 +0000,2017-03-25 17:30:00 +0000
5f564527-4268-42e8-bf8c-efdeed9f5cd6,773bac3b-43da-46c7-8117-8d19142e68f7,2017-03-26 10:15:00 +0100,2017-03-26 13:15:00 +0100
c2329081-f452-42c5-8f58-bd5630d5eb35,690133c1-785c-49b1-8c59-4416a8545260,2017-03-26 13:00:00 +0100,2017-03-26 14:00:00 +0100
ecce9e80-8913-4a3e-b15b-fab48d564bfc,5d050bb8-5ca1-465a-afa7-a636a91075e7,2017-03-26 17:00:00 +0100,2017-03-26 17:10:00 +0100
1af20c4e-e372-4285-a08d-09b037f775f4,007a2d25-acb0-461d-bb79-ed45750587b5,2017-03-27 17:00:00 +0100,2017-03-27 17:45:00 +0100
f10ec22e-f343-49b5-9001-07b9f53c9890,aaa9abe4-53cb-47a5-87e6-c56a4496e9f4,2017-03-28 12:15:00 +0100,2017-03-28 13:00:00 +0100
02c3a674-de17-4fb8-b3ad-732a6af4b04c,110f2a57-9e65-47eb-934b-ee74c0451546,2017-03-29 13:45:00 +0100,2017-03-29 14:05:00 +0100
ef1e649c-e7b2-496f-82a1-38294f81d8de,007a2d25-acb0-461d-bb79-ed45750587b5,2017-04-04 14:30:00 +0100,2017-04-04 14:50:00 +0100
f9acfc07-2c45-4ed4-9203-5eb81790fd65,1a9ac431-f772-4e4d-8bcd-fba0fbaaccdf,2017-04-05 13:00:00 +0100,2017-04-05 13:10:00 +0100
bf676cf1-9437-4747-bb9f-690783939fb1,7a31856b-0c7a-4234-b4a0-fe5201fcf050,2017-04-07 13:45:00 +0100,2017-04-07 14:30:00 +0100
89f63a01-74b1-4ece-951a-43190bacd4d8,21145506-548b-472c-bcac-8672f940e5bd,2017-04-08 12:15:00 +0100,2017-04-08 12:45:00 +0100
e6907e93-5104-429f-8191-982c5ccad295,a651fd9b-bf8e-40a0-8f49-3305a8a133b1,2017-04-09 14:45:00 +0100,2017-04-09 15:30:00 +0100
8c3d4f68-fca2-4cc8-90a5-8b867bda944f,2f16fb54-3113-4bca-83c0-6bdefd612520,2017-04-09 17:30:00 +0100,2017-04-09 18:15:00 +0100
cefa1ae6-59c3-4465-8018-eb0887495a6d,104fdf33-c8a2-4f1c-b371-3e9c2facdfa0,2017-04-10 16:45:00 +0100,2017-04-10 17:05:00 +0100
29e32809-0f5d-428c-862a-fd479ccd8f83,7f71a7f3-629b-42c2-a903-9460bf6b1891,2017-04-13 12:15:00 +0100,2017-04-13 13:15:00 +0100
0d096c4a-c72b-4f10-8ff7-adff0f470e90,eeb0028d-bf24-4cf7-a28f-fe90b7674b34,2017-04-16 12:30:00 +0100,2017-04-16 13:15:00 +0100
7103917c-32ea-42bd-8754-46afb0c10d73,1a9ac431-f772-4e4d-8bcd-fba0fbaaccdf,2017-05-01 11:45:00 +0100,2017-05-01 12:05:00 +0100
df8d4cdf-576e-41f1-ace2-b27cc3283cb4,9707e334-5949-4b8f-af5b-e1e8e8afdb94,2017-05-01 16:45:00 +0100,2017-05-01 16:55:00 +0100
8037088e-a9ad-4a71-95b4-d0ce3e088c15,1b367dbb-8671-435f-a38f-afd71483ee30,2017-05-02 11:15:00 +0100,2017-05-02 11:35:00 +0100
cd4a221b-1819-49fb-ab5c-54554b0f6933,a8aa2ef8-4b39-490d-83d0-78298d2dfe0f,2017-05-02 12:00:00 +0100,2017-05-02 12:10:00 +0100
8004ac64-f428-4561-82e8-436bcb918bf2,96d8e298-983a-4232-b0fd-57535eead76a,2017-05-03 10:00:00 +0100,2017-05-03 11:00:00 +0100
997c12f1-ba1b-4f7c-aaca-d08a1c90f41c,aa1b3e64-8379-4e64-8b1f-d9f542058a44,2017-05-04 10:15:00 +0100,2017-05-04 10:45:00 +0100
67ce894a-9625-4ab7-8b91-17d83fb3fd10,e0b8ebfc-6e57-4661-9546-328c644a3764,2017-05-09 15:30:00 +0100,2017-05-09 18:30:00 +0100
67ebe503-3fde-4d91-aba3-45900687dd7c,0296c403-c298-4ccd-acd6-422cf9d27728,2017-05-09 17:15:00 +0100,2017-05-09 17:35:00 +0100
3d0a82a4-9315-485c-bd1c-f9655ef214a7,9df98732-1696-45d4-b055-672909bf295c,2017-05-11 09:15:00 +0100,2017-05-11 12:15:00 +0100
fd70141b-c7df-43e6-85b7-b5e8d122a24a,9bcb8313-24b8-4e1f-8abf-47cd05e93b06,2017-05-11 12:30:00 +0100,2017-05-11 15:30:00 +0100
a68c6197-5c0e-4ef8-8158-be75330605af,110f2a57-9e65-47eb-934b-ee74c0451546,2017-05-15 16:45:00 +0100,2017-05-15 16:55:00 +0100
487a95ac-07fe-4d38-bfaa-5529da098fd5,263f67fa-ce8f-447b-98cf-317656542216,2017-05-18 09:30:00 +0100,2017-05-18 09:50:00 +0100
cc2185ef-374d-4d54-a84f-8a39cc15424c,690133c1-785c-49b1-8c59-4416a8545260,2017-05-19 10:45:00 +0100,2017-05-19 11:30:00 +0100
26dbe970-d048-47b3-b988-095af31dea99,db453d54-d7ef-4cc3-b342-52b80fa0936a,2017-05-21 11:30:00 +0100,2017-05-21 11:40:00 +0100
a97e7b0a-66df-4e70-991b-52e4e4cb9958,7f71a7f3-629b-42c2-a903-9460bf6b1891,2017-05-24 14:45:00 +0100,2017-05-24 15:30:00 +0100
31d265bb-042b-4994-a9c5-0397fcd21da9,9707e334-5949-4b8f-af5b-e1e8e8afdb94,2017-05-28 16:45:00 +0100,2017-05-28 17:15:00 +0100
e6c919e2-e6cc-4e38-b589-272fb87ebf02,1163f823-3849-4294-8a7c-66a556f5122c,2017-05-31 09:15:00 +0100,2017-05-31 10:15:00 +0100
083f5979-0874-4f45-861f-65e87f86c426,263f67fa-ce8f-447b-98cf-317656542216,2017-06-01 09:15:00 +0100,2017-06-01 09:35:00 +0100
ec008f31-0419-449c-94ae-0da10ef62179,5d050bb8-5ca1-465a-afa7-a636a91075e7,2017-06-01 15:00:00 +0100,2017-06-01 15:10:00 +0100
a431711e-c01c-437f-8f00-2c5199d30ed9,aaa9abe4-53cb-47a5-87e6-c56a4496e9f4,2017-06-01 15:30:00 +0100,2017-06-01 15:40:00 +0100
5ad474bc-ee1b-48c3-9fae-15efc8f0e760,0296c403-c298-4ccd-acd6-422cf9d27728,2017-06-11 10:45:00 +0100,2017-06-11 11:45:00 +0100
fee628f7-9080-4b47-bfd6-8420dcd7c881,18e928f0-dfe6-4609-9a8b-072de89bc3cb,2017-06-12 16:15:00 +0100,2017-06-12 17:00:00 +0100
7babb248-d6c1-4f28-bdef-e25c81fa4260,1163f823-3849-4294-8a7c-66a556f5122c,2017-06-13 11:30:00 +0100,2017-06-13 14:30:00 +0100
8509d66c-67d9-44f7-b3b7-5b1e49df2b42,8c4ee803-4c54-4087-a17f-9c53041d35c9,2017-06-15 11:00:00 +0100,2017-06-15 11:10:00 +0100
22837ff7-3039-4275-ae30-7e1a80f8e838,d0195d5b-b4c6-43fc-a204-0f23e4da121f,2017-06-15 12:30:00 +0100,2017-06-15 15:30:00 +0100
12961e6c-2b83-4384-8a21-5b875670e30e,dce75599-0164-49da-b266-74026ea078d4,2017-06-18 17:45:00 +0100,2017-06-18 18:30:00 +0100
32e32af1-86dd-4e23-ac55-faecd4d821ad,4e2d21e8-180c-4ea9-8384-0b17b4673473,2017-06-19 16:45:00 +0100,2017-06-19 16:55:00 +0100
301bc5dd-130c-459b-8300-caad00b99357,a8aa2ef8-4b39-490d-83d0-78298d2dfe0f,2017-06-20 14:15:00 +0100,2017-06-20 17:15:00 +0100
eca8a440-d42b-4bac-9151-9f1b72b2e5fd,18e928f0-dfe6-4609-9a8b-072de89bc3cb,2017-06-28 10:45:00 +0100,2017-06-28 11:05:00 +0100
9c5833ea-3b3f-4f50-9807-6a7db4c8ca54,6fbd3276-6240-4180-8905-8f4287fded83,2017-07-01 16:15:00 +0100,2017-07-01 16:35:00 +0100
03ec2fa4-ea5a-47eb-a2cc-c91a146e7729,a1fa2efb-1bf3-4d8b-a2c8-154ab7899f32,2017-07-02 15:45:00 +0100,2017-07-02 16:15:00 +0100
fe2939c8-55a4-4e26-8004-ad2338db3e57,1b367dbb-8671-435f-a38f-afd71483ee30,2017-07-04 11:00:00 +0100,2017-07-04 11:45:00 +0100
01f9cfbb-b2c9-4412-aa61-28a418a10cc4,cc61bcb7-5cb4-4020-83db-33c4dba7390b,2017-07-06 17:00:00 +0100,2017-07-06 18:00:00 +0100
37a59817-4668-4d96-af73-4085bb93bdd9,271c2bb5-689f-4a00-a552-83605affe02b,2017-07-08 14:15:00 +0100,2017-07-08 15:15:00 +0100
6f7bb5b3-bfa0-4164-8f70-10c3690ce1e6,52edc4cd-ecf1-4c29-b0cd-064f66426d69,2017-07-16 12:00:00 +0100,2017-07-16 12:10:00 +0100
b5ba9288-2bc4-4fb0-a792-6b76ac1ebea0,65b27e1c-d8be-4a35-be9f-89af57356e2c,2017-07-21 11:30:00 +0100,2017-07-21 12:00:00 +0100
0239c076-3b2e-406c-8b1d-9900dcbcade0,b10231f8-d7a2-4486-a4e9-f55bf80e27fe,2017-07-24 13:00:00 +0100,2017-07-24 16:00:00 +0100
5cb00325-7eb1-4cb4-a22d-2174b9982719,aaa9abe4-53cb-47a5-87e6-c56a4496e9f4,2017-07-25 15:00:00 +0100,2017-07-25 16:00:00 +0100
5919c48b-09f4-43a7-9485-173775bc711e,773bac3b-43da-46c7-8117-8d19142e68f7,2017-07-29 11:00:00 +0100,2017-07-29 12:00:00 +0100
e730abe9-a014-4381-a78b-db47ccf4cfb5,de383a04-ba82-4441-87be-7bf9b81fe92d,2017-07-31 13:30:00 +0100,2017-07-31 14:00:00 +0100
1d451e3c-6721-412f-a914-691a2bcd0189,96d8e298-983a-4232-b0fd-57535eead76a,2017-08-03 12:45:00 +0100,2017-08-03 13:05:00 +0100
d7b69f81-163b-4cf1-bfac-c51c6074fead,0a8ff4b2-d64e-48d1-9bd2-56386b6f2b75,2017-08-04 10:00:00 +0100,2017-08-04 10:20:00 +0100
5f187767-8b2d-4e17-9dab-08b2b5e99b9e,e0779fa6-7635-4df6-b906-d0d665ce5044,2017-08-04 16:45:00 +0100,2017-08-04 17:45:00 +0100
a659bdd1-cd79-473a-aff4-a20c5760748d,e0b8ebfc-6e57-4661-9546-328c644a3764,2017-08-04 17:15:00 +0100,2017-08-04 18:15:00 +0100
4ba989c0-1b9c-439b-a333-d1fa377dd4d9,379eac1e-1c79-4478-b83e-17a726d154a7,2017-08-05 10:45:00 +0100,2017-08-05 11:05:00 +0100
f3b44134-01b2-4389-9280-22f1919b376a,936a1aba-a8b2-4d3e-9872-06ff2fec8ab0,2017-08-07 17:45:00 +0100,2017-08-07 17:55:00 +0100
2a9c4af3-f0cd-44a4-92a9-9880db07cea8,5d050bb8-5ca1-465a-afa7-a636a91075e7,2017-08-10 09:15:00 +0100,2017-08-10 12:15:00 +0100
465bbe21-9b57-4a97-8aa1-fcad5116364c,2f16fb54-3113-4bca-83c0-6bdefd612520,2017-08-10 12:15:00 +0100,2017-08-10 12:35:00 +0100
fb07e619-0deb-4773-af7f-944f5c7df3ba,de65f69e-4dd3-4b15-8377-28a75647daad,2017-08-10 15:45:00 +0100,2017-08-10 15:55:00 +0100
fa7b2756-edfc-4d4d-b1cd-4a738650aba3,b04e3ac9-c9f0-420a-9c4d-34bd41a46e36,2017-08-12 10:00:00 +0100,2017-08-12 10:30:00 +0100
f93d9d0f-03a3-41b1-88d8-9e06fbedcba9,379eac1e-1c79-4478-b83e-17a726d154a7,2017-08-17 13:15:00 +0100,2017-08-17 14:00:00 +0100
6466dcad-b724-49ad-95db-4a501c2274db,88341059-ecaa-44cc-912e-669a4fbbd63e,2017-08-18 15:45:00 +0100,2017-08-18 16:05:00 +0100
c95dcd9b-21f1-49e2-9899-5ebde9e2ce2b,101366e7-9d33-4c36-ad01-173b2d061b1f,2017-08-24 11:15:00 +0100,2017-08-24 11:25:00 +0100
455a7699-39b6-48d1-9059-0fe0fbb36cea,d0195d5b-b4c6-43fc-a204-0f23e4da121f,2017-08-25 10:00:00 +0100,2017-08-25 10:30:00 +0100
5a3c503b-7409-462d-ae3d-7741f5927f3b,1a9ac431-f772-4e4d-8bcd-fba0fbaaccdf,2017-08-27 15:45:00 +0100,2017-08-27 16:15:00 +0100
aa7c9963-fb0a-4161-b659-9ae2b8de4162,b04e3ac9-c9f0-420a-9c4d-34bd41a46e36,2017-09-01 12:00:00 +0100,2017-09-01 12:20:00 +0100
c667ca33-d104-4bab-aa64-bccbb8ab5a03,da076851-9b11-46dc-8da0-1da71bf7d909,2017-09-02 12:45:00 +0100,2017-09-02 15:45:00 +0100
70338f3d-11bf-4c6b-8638-bf4319625eb9,a2c709ef-82a5-4d94-8bc7-138619ca5deb,2017-09-02 13:30:00 +0100,2017-09-02 14:00:00 +0100
5efa5a5d-d609-44bf-9190-a05c58b17196,263f67fa-ce8f-447b-98cf-317656542216,2017-09-05 15:00:00 +0100,2017-09-05 15:30:00 +0100
559532eb-7194-4810-9712-63b9696bb268,379eac1e-1c79-4478-b83e-17a726d154a7,2017-09-07 09:45:00 +0100,2017-09-07 12:45:00 +0100
b982c985-19ff-42cb-aa8a-1c946efa305d,de383a04-ba82-4441-87be-7bf9b81fe92d,2017-09-07 11:15:00 +0100,2017-09-07 11:45:00 +0100
785d81ca-46f0-44e7-9e81-1c623739fbc9,6cc17b57-478f-4b1d-adcf-437af488fe7f,2017-09-07 14:30:00 +0100,2017-09-07 14:40:00 +0100
84a5c857-0b38-41e0-9ce3-4db085a94059,7f71a7f3-629b-42c2-a903-9460bf6b1891,2017-09-10 09:00:00 +0100,2017-09-10 10:00:00 +0100
7c021e9e-cc60-435e-9ea7-84b806155bea,4e2d21e8-180c-4ea9-8384-0b17b4673473,2017-09-11 11:15:00 +0100,2017-09-11 14:15:00 +0100
6c00458f-2352-492c-953a-e488df636713,08ced56c-f223-4f41-b5dc-76eb6fa15b93,2017-09-12 16:00:00 +0100,2017-09-12 19:00:00 +0100
46f72211-adee-46bd-98b9-cb1973a2987d,18e928f0-dfe6-4609-9a8b-072de89bc3cb,2017-09-13 10:15:00 +0100,2017-09-13 11:15:00 +0100
46cab920-4d68-4bf5-8435-7592f1cf0bfc,9707e334-5949-4b8f-af5b-e1e8e8afdb94,2017-09-13 10:30:00 +0100,2017-09-13 11:30:00 +0100
5654e763-0081-4fa5-9d79-329e9fcd9057,379eac1e-1c79-4478-b83e-17a726d154a7,2017-09-13 11:45:00 +0100,2017-09-13 12:15:00 +0100
9a96c4ab-0b4a-4cb5-90cd-6e169839f562,4e2d21e8-180c-4ea9-8384-0b17b4673473,2017-09-17 12:15:00 +0100,2017-09-17 12:35:00 +0100
cec7f02d-2452-429b-9b2a-3132e0c7f708,9707e334-5949-4b8f-af5b-e1e8e8afdb94,2017-09-19 16:15:00 +0100,2017-09-19 19:15:00 +0100
5b4ce60c-749c-4a4b-ad38-97c2a291a57d,18e928f0-dfe6-4609-9a8b-072de89bc3cb,2017-09-24 11:00:00 +0100,2017-09-24 11:45:00 +0100
b5a7d7d3-5f21-4025-a010-3a434ec62829,4af9418c-ccd5-4c84-b3b2-ead29e3b549c,2017-09-25 13:45:00 +0100,2017-09-25 13:55:00 +0100
0e6cbd16-baad-475a-b5e9-1c4b5633ce5a,6db46ac7-105f-415f-91e3-bf1f7fdc2b19,2017-09-27 12:45:00 +0100,2017-09-27 12:55:00 +0100
41bb8410-2d0c-478c-8269-28e256aeb2ac,e78bdec6-8c8e-42e8-8e0b-f3f9657f4181,2017-09-28 14:15:00 +0100,2017-09-28 14:25:00 +0100
593d29f7-68ed-4e6a-bdcf-8aed20c29924,25f11850-7162-4b1b-92cd-4246db23cc75,2017-09-30 12:15:00 +0100,2017-09-30 13:00:00 +0100
916ba8b5-6234-4b0f-b979-f4b95669e016,5874a4fc-d96c-426f-8ae8-c7dfa5b60c3e,2017-10-01 14:15:00 +0100,2017-10-01 15:15:00 +0100
990f46cf-f66f-487e-83d5-4cc5806bfecb,21145506-548b-472c-bcac-8672f940e5bd,2017-10-05 17:15:00 +0100,2017-10-05 17:25:00 +0100
4c9d5a0d-e243-4868-aea6-603017551285,d0195d5b-b4c6-43fc-a204-0f23e4da121f,2017-10-06 13:45:00 +0100,2017-10-06 16:45:00 +0100
07a461f9-d425-4bd1-ab71-f64996d95582,9707e334-5949-4b8f-af5b-e1e8e8afdb94,2017-10-08 10:15:00 +0100,2017-10-08 13:15:00 +0100
9bb74dc0-383f-4e53-9e88-970d8b856dce,58988d04-6e81-4085-99d6-605bef802f40,2017-10-10 13:45:00 +0100,2017-10-10 14:15:00 +0100
d0f8e7b7-3e6c-4edb-a78d-591fda5bbb67,aa1b3e64-8379-4e64-8b1f-d9f542058a44,2017-10-10 16:00:00 +0100,2017-10-10 17:00:00 +0100
b6570738-5db8-4ccd-9428-c508778c0236,110f2a57-9e65-47eb-934b-ee74c0451546,2017-10-17 12:00:00 +0100,2017-10-17 15:00:00 +0100
7737945f-4a59-4695-b3c5-0093985fdd39,b10231f8-d7a2-4486-a4e9-f55bf80e27fe,2017-10-17 15:45:00 +0100,2017-10-17 18:45:00 +0100
4f5b2b32-aafb-454a-82e8-293b890971c1,2f16fb54-3113-4bca-83c0-6bdefd612520,2017-10-21 12:30:00 +0100,2017-10-21 13:15:00 +0100
a5e0a200-6284-4919-8a7b-96b8ab03df03,007a2d25-acb0-461d-bb79-ed45750587b5,2017-10-22 13:00:00 +0100,2017-10-22 13:30:00 +0100
6672ddda-6423-4b9b-abe7-18a699d49716,25f11850-7162-4b1b-92cd-4246db23cc75,2017-10-23 09:45:00 +0100,2017-10-23 09:55:00 +0100
afc0dc7d-d70a-43f9-9745-7e39335f5ecb,6fbd3276-6240-4180-8905-8f4287fded83,2017-10-24 17:15:00 +0100,2017-10-24 20:15:00 +0100
031be410-0bd5-4b2b-bcd6-ae34e4856b9c,8f90ea2c-e518-4606-a02d-8c472973ea40,2017-10-26 15:45:00 +0100,2017-10-26 16:05:00 +0100
2e97d50b-b46a-4c29-b793-1640814f89ef,9df98732-1696-45d4-b055-672909bf295c,2017-10-26 17:00:00 +0100,2017-10-26 17:10:00 +0100
f2fd2f74-a81d-460a-8227-65b3feeb5198,20b469e2-c9f7-49f3-bd3a-e79fe8180d8a,2017-11-03 15:15:00 +0000,2017-11-03 15:45:00 +0000
093b4962-e574-4c0f-a30d-655147352970,0af7c9e3-99a1-4d1b-ad92-d8554b3a4241,2017-11-04 12:30:00 +0000,2017-11-04 13:30:00 +0000
642906e5-454a-4b05-87cd-6a72b1c92d98,e318192c-e6c7-4b38-bc83-591f54f6d5ab,2017-11-05 14:45:00 +0000,2017-11-05 15:05:00 +0000
d71572e2-e622-4216-8e60-16997e6f1e10,271c2bb5-689f-4a00-a552-83605affe02b,2017-11-08 12:15:00 +0000,2017-11-08 12:35:00 +0000
2ecb9a77-ba06-4443-9d73-338e1171ac2e,d0195d5b-b4c6-43fc-a204-0f23e4da121f,2017-11-09 17:15:00 +0000,2017-11-09 18:00:00 +0000
24f00018-69b1-4a51-9c8b-6e6f1d1b8425,007a2d25-acb0-461d-bb79-ed45750587b5,2017-11-10 10:15:00 +0000,2017-11-10 10:35:00 +0000
01a86ca2-2d6e-4136-ab44-012f7d566dba,78afc583-c1ea-472b-b24d-4316e74d071d,2017-11-11 17:15:00 +0000,2017-11-11 17:35:00 +0000
cc04c6b1-49c0-4300-ab2c-45429b4aeca4,de65f69e-4dd3-4b15-8377-28a75647daad,2017-11-12 16:00:00 +0000,2017-11-12 16:20:00 +0000
15590531-e2df-493b-b6ab-7dcf47b1184f,78afc583-c1ea-472b-b24d-4316e74d071d,2017-11-15 15:00:00 +0000,2017-11-15 15:30:00 +0000
9e792f47-1719-455d-ac7f-5576fd2ba45f,0d64d654-e493-4165-830a-098030e9a5ce,2017-11-26 12:00:00 +0000,2017-11-26 15:00:00 +0000
78cb23ab-79d3-4ca2-9f3f-53d956a134fb,9a8ff94c-7c48-4dad-91d4-3531ff109cf2,2017-11-29 10:15:00 +0000,2017-11-29 11:15:00 +0000
2e5a528f-29cb-436a-8a12-fcf8e5a646e8,1bc997d9-d608-4548-a5fd-d628c309315e,2017-11-30 16:45:00 +0000,2017-11-30 17:15:00 +0000
940e1949-b2b5-4296-998a-32dfc719eeef,9a8ff94c-7c48-4dad-91d4-3531ff109cf2,2017-12-01 11:30:00 +0000,2017-12-01 12:30:00 +0000
aae09934-cce7-42ae-a1ee-c258e07d9844,9df98732-1696-45d4-b055-672909bf295c,2017-12-03 09:15:00 +0000,2017-12-03 09:25:00 +0000
a91db5e7-7048-4f5c-83f6-3ce6d21a29af,5d050bb8-5ca1-465a-afa7-a636a91075e7,2017-12-04 10:30:00 +0000,2017-12-04 11:30:00 +0000
8c1f95b6-eef7-43ba-ac97-d6c688163307,d0195d5b-b4c6-43fc-a204-0f23e4da121f,2017-12-05 16:00:00 +0000,2017-12-05 17:00:00 +0000
0813a68d-39a9-4d60-af5b-2bbb75cac1ad,20b469e2-c9f7-49f3-bd3a-e79fe8180d8a,2017-12-06 15:00:00 +0000,2017-12-06 18:00:00 +0000
a0c2b072-9925-4440-ade5-2989c982cb97,4f147eda-3805-4cc7-a9aa-a1163ac547b0,2017-12-06 15:00:00 +0000,2017-12-06 15:30:00 +0000
38584cad-fbd0-414a-bcbc-883b2f90fb85,aa1b3e64-8379-4e64-8b1f-d9f542058a44,2017-12-12 12:00:00 +0000,2017-12-12 13:00:00 +0000
112945b9-5e22-429b-afef-ce8fc8154849,1b367dbb-8671-435f-a38f-afd71483ee30,2017-12-14 13:45:00 +0000,2017-12-14 14:15:00 +0000
c1f1f814-db47-451a-860d-70a31bab1791,773bac3b-43da-46c7-8117-8d19142e68f7,2017-12-19 12:45:00 +0000,2017-12-19 13:30:00 +0000
60ddfe8a-9c93-4405-8774-095ee37f1dd2,549b0574-ae7d-441b-8c67-bc2f98cc753a,2017-12-19 13:30:00 +0000,2017-12-19 14:15:00 +0000
18401f80-3a11-4d8c-af8a-e48c6acb1dda,d94ad66f-f1d1-46ad-aaaf-423965dba2fa,2017-12-19 14:45:00 +0000,2017-12-19 15:05:00 +0000
120789d0-3ec5-4b63-afaa-f75317c03a0d,936a1aba-a8b2-4d3e-9872-06ff2fec8ab0,2017-12-20 11:15:00 +0000,2017-12-20 11:45:00 +0000
7ef77df2-73ef-4547-9a5f-d3fae8572d07,e6ff36d4-3607-4ef5-9ce8-54442b303e80,2017-12-20 13:00:00 +0000,2017-12-20 14:00:00 +0000
1750c7c4-21d4-40ba-8b7e-643462459889,1163f823-3849-4294-8a7c-66a556f5122c,2017-12-24 11:00:00 +0000,2017-12-24 12:00:00 +0000
b3648627-b8c3-40dd-884e-0266bcfeea7a,23ed239e-0c6f-49b9-a394-c023573735c2,2017-12-25 16:30:00 +0000,2017-12-25 17:30:00 +0000
015af61f-a4e1-4f3d-bd22-13e5bd8e7889,8c4ee803-4c54-4087-a17f-9c53041d35c9,2018-01-01 17:30:00 +0000,2018-01-01 17:40:00 +0000
70004012-f9d4-41b5-b87e-fb44c78aed1a,9bcb8313-24b8-4e1f-8abf-47cd05e93b06,2018-01-02 09:45:00 +0000,2018-01-02 10:05:00 +0000
81d17e64-b797-431d-a81c-88da3956d05f,5874a4fc-d96c-426f-8ae8-c7dfa5b60c3e,2018-01-02 10:45:00 +0000,2018-01-02 11:45:00 +0000
1f6d5693-c5e9-40fd-961d-978ec7f90240,65b27e1c-d8be-4a35-be9f-89af57356e2c,2018-01-04 12:15:00 +0000,2018-01-04 12:45:00 +0000
d0ab767a-f0ae-4e23-9301-ad6874945e46,8f90ea2c-e518-4606-a02d-8c472973ea40,2018-01-07 09:00:00 +0000,2018-01-07 09:20:00 +0000
14c7ed8c-00d8-4aa4-becc-aac8cfe3365b,e78bdec6-8c8e-42e8-8e0b-f3f9657f4181,2018-01-17 12:00:00 +0000,2018-01-17 12:45:00 +0000
10a321a0-152b-49df-9fab-02d2021f8622,a8aa2ef8-4b39-490d-83d0-78298d2dfe0f,2018-01-17 14:00:00 +0000,2018-01-17 14:10:00 +0000
af1aa5b2-3a0c-418e-8ae9-cb1fb02c107a,6fbd3276-6240-4180-8905-8f4287fded83,2018-01-20 09:00:00 +0000,2018-01-20 09:45:00 +0000
bb27d004-f899-439f-b722-131e7661ae67,aa1b3e64-8379-4e64-8b1f-d9f542058a44,2018-01-23 09:30:00 +0000,2018-01-23 10:30:00 +0000
71f5eae7-ed26-4eed-8af4-ab144f5bb731,d7fad868-7517-4a1b-a234-e2450ca65ec4,2018-01-23 15:45:00 +0000,2018-01-23 16:05:00 +0000
372b02f8-8b2a-4da4-976c-ce6cf342e781,9a8ff94c-7c48-4dad-91d4-3531ff109cf2,2018-02-01 11:00:00 +0000,2018-02-01 11:45:00 +0000
9ba5eb22-ddb1-4e62-891a-397770398562,379eac1e-1c79-4478-b83e-17a726d154a7,2018-02-01 12:30:00 +0000,2018-02-01 13:15:00 +0000
8055c106-17f6-4e2a-998a-05cc2b9a3625,0d64d654-e493-4165-830a-098030e9a5ce,2018-02-01 16:15:00 +0000,2018-02-01 16:35:00 +0000
2ded7cad-2d33-4da0-ac52-d145af448d82,101366e7-9d33-4c36-ad01-173b2d061b1f,2018-02-03 09:15:00 +0000,2018-02-03 12:15:00 +0000
2889fae3-98b6-42a9-bde2-a9bc77ff82f2,96d8e298-983a-4232-b0fd-57535eead76a,2018-02-03 11:15:00 +0000,2018-02-03 12:00:00 +0000
ba3327d4-edc5-422f-923f-ec7395ce0565,08ced56c-f223-4f41-b5dc-76eb6fa15b93,2018-02-08 11:30:00 +0000,2018-02-08 12:30:00 +0000
e8daea5e-656f-416e-9bb0-d3a551225df8,db453d54-d7ef-4cc3-b342-52b80fa0936a,2018-02-11 12:30:00 +0000,2018-02-11 15:30:00 +0000
b72ef74f-72d1-4a45-ba81-61368d9e1fa4,a2c709ef-82a5-4d94-8bc7-138619ca5deb,2018-02-11 13:00:00 +0000,2018-02-11 13:10:00 +0000
7b3d10ea-6b76-488f-a8c0-e17a1d0feb3d,9df98732-1696-45d4-b055-672909bf295c,2018-02-11 15:30:00 +0000,2018-02-11 15:40:00 +0000
1c202302-5ecb-4675-9737-c4e0ce4b996f,1f0bf5b2-9e9e-4f8d-b07a-ec330e1ad2cb,2018-02-11 16:45:00 +0000,2018-02-11 17:45:00 +0000
aad78814-8bc4-4cd8-aa14-482fe7c8aea9,379eac1e-1c79-4478-b83e-17a726d154a7,2018-02-16 16:30:00 +0000,2018-02-16 17:15:00 +0000
25dacc3b-fa8a-4eb5-b612-11e40717c3c8,da076851-9b11-46dc-8da0-1da71bf7d909,2018-02-18 11:00:00 +0000,2018-02-18 12:00:00 +0000
9018d48c-1097-41a1-a1e1-d5790eb49f72,007a2d25-acb0-461d-bb79-ed45750587b5,2018-02-18 11:15:00 +0000,2018-02-18 14:15:00 +0000
7e7338c9-d969-4f04-b76c-b56f47c0c00e,e318192c-e6c7-4b38-bc83-591f54f6d5ab,2018-02-18 12:30:00 +0000,2018-02-18 15:30:00 +0000
7c17946d-24f0-4f2c-baf0-3ec0d31f9447,08ced56c-f223-4f41-b5dc-76eb6fa15b93,2018-02-20 17:15:00 +0000,2018-02-20 18:00:00 +0000
7947b716-6fc6-4565-b306-4913c3864b8e,936a1aba-a8b2-4d3e-9872-06ff2fec8ab0,2018-02-21 15:45:00 +0000,2018-02-21 16:30:00 +0000
82392422-0ce5-4479-9a68-a4248a296185,0296c403-c298-4ccd-acd6-422cf9d27728,2018-02-24 10:45:00 +0000,2018-02-24 10:55:00 +0000
b4feae39-e55a-4ea5-921a-5f80f22d9c6a,a2c709ef-82a5-4d94-8bc7-138619ca5deb,2018-02-24 14:15:00 +0000,2018-02-24 14:25:00 +0000
78b982e6-68d3-401c-ad8c-2f923d056c69,773bac3b-43da-46c7-8117-8d19142e68f7,2018-02-27 15:45:00 +0000,2018-02-27 15:55:00 +0000
aca00748-d67a-4290-9d9a-9e79baccd124,c3e713ef-f6e6-4570-b481-2c3926df406f,2018-02-27 17:15:00 +0000,2018-02-27 17:35:00 +0000
0d32645d-0864-492b-b0db-7a002965c69f,e6ff36d4-3607-4ef5-9ce8-54442b303e80,2018-03-01 13:00:00 +0000,2018-03-01 14:00:00 +0000
cd52ae15-d9dc-421d-a86b-e3949d1599bc,64ae7be5-1a3f-4b98-9392-99993c9821a7,2018-03-02 15:15:00 +0000,2018-03-02 15:25:00 +0000
cb8df282-ae83-436a-b00b-e06e536a0dac,64ae7be5-1a3f-4b98-9392-99993c9821a7,2018-03-05 11:45:00 +0000,2018-03-05 12:05:00 +0000
86c5be85-e230-4353-8c9a-6ee8f0aa3118,96d8e298-983a-4232-b0fd-57535eead76a,2018-03-09 11:15:00 +0000,2018-03-09 12:15:00 +0000
db5b44ae-9b86-4a44-bfc4-a080849d8324,18e928f0-dfe6-4609-9a8b-072de89bc3cb,2018-03-10 10:30:00 +0000,2018-03-10 13:30:00 +0000
948a9df6-d584-492e-ad6a-44fe1a6230cc,549b0574-ae7d-441b-8c67-bc2f98cc753a,2018-03-11 16:15:00 +0000,2018-03-11 16:45:00 +0000
438547fd-8b60-426e-bea9-f8d53051e41a,9df98732-1696-45d4-b055-672909bf295c,2018-03-14 12:15:00 +0000,2018-03-14 12:25:00 +0000
d873b367-9574-43fb-bcce-b7f4c1af9a76,1da8210b-43a7-4649-9311-31aa93505355,2018-03-15 11:30:00 +0000,2018-03-15 11:50:00 +0000
6e38f622-1130-44e5-96e9-4dde98b197f2,9df98732-1696-45d4-b055-672909bf295c,2018-03-20 13:15:00 +0000,2018-03-20 13:35:00 +0000
3e650b46-b6b2-47f4-9cfc-b4ec589f80e8,725fc694-63fc-4d38-8b60-480d3b3c33eb,2018-03-21 10:00:00 +0000,2018-03-21 11:00:00 +0000
4a27d354-6608-4dc9-acc5-f9519d04b336,9df98732-1696-45d4-b055-672909bf295c,2018-03-24 12:00:00 +0000,2018-03-24 12:10:00 +0000
a8e26077-6b9b-4500-94bb-179836343718,6907ef58-5db5-4cd0-b740-ea166093bcab,2018-03-27 13:30:00 +0100,2018-03-27 14:15:00 +0100
bd109d64-b0cd-49bf-a4b4-fa8276135c24,6907ef58-5db5-4cd0-b740-ea166093bcab,2018-03-31 17:30:00 +0100,2018-03-31 20:30:00 +0100
fccb4f4f-3c4c-4169-86cd-63142ae99af5,773bac3b-43da-46c7-8117-8d19142e68f7,2018-04-02 10:00:00 +0100,2018-04-02 10:20:00 +0100
82daebd9-a2b6-4d89-8a05-8fc0839aa9d6,2233143b-5d8c-4c47-9803-4ca3d33cb314,2018-04-02 13:15:00 +0100,2018-04-02 13:45:00 +0100
9fac3132-a09e-4bc1-bcca-df36d50ba724,65b27e1c-d8be-4a35-be9f-89af57356e2c,2018-04-02 16:00:00 +0100,2018-04-02 16:45:00 +0100
aca75d33-0a40-4460-bc9f-a6df454823fd,936a1aba-a8b2-4d3e-9872-06ff2fec8ab0,2018-04-08 10:45:00 +0100,2018-04-08 11:30:00 +0100
ff481331-c576-4bc7-8aac-2bd98448419a,20b469e2-c9f7-49f3-bd3a-e79fe8180d8a,2018-04-08 14:30:00 +0100,2018-04-08 14:40:00 +0100
5df68a96-8af3-48c9-a34c-99e399106961,25f11850-7162-4b1b-92cd-4246db23cc75,2018-04-09 17:30:00 +0100,2018-04-09 17:40:00 +0100
ab64ff5e-040e-4d53-a563-3b18e3ca888a,e04d3bba-90fb-47a5-a512-3ce966c519f0,2018-04-12 12:15:00 +0100,2018-04-12 13:00:00 +0100
fed7f141-c16b-4eb4-807b-69e194b21926,4f147eda-3805-4cc7-a9aa-a1163ac547b0,2018-04-15 17:30:00 +0100,2018-04-15 18:00:00 +0100
2cc1eea3-e0da-4942-ae76-682821c8dc4e,aaa9abe4-53cb-47a5-87e6-c56a4496e9f4,2018-04-19 14:15:00 +0100,2018-04-19 14:25:00 +0100
60f3135e-b1cb-4837-8a9e-e92c61b279ed,e6ff36d4-3607-4ef5-9ce8-54442b303e80,2018-04-22 14:00:00 +0100,2018-04-22 17:00:00 +0100
cc6a6059-ceb9-49a7-a12b-9f264f28f029,e0779fa6-7635-4df6-b906-d0d665ce5044,2018-04-23 10:00:00 +0100,2018-04-23 10:30:00 +0100
a9143083-584c-44cf-9cbc-675e1aaf9c4e,690133c1-785c-49b1-8c59-4416a8545260,2018-04-27 15:45:00 +0100,2018-04-27 16:05:00 +0100
a01ddf34-2b6f-4191-b1c0-69f9e5640233,20b469e2-c9f7-49f3-bd3a-e79fe8180d8a,2018-05-01 12:00:00 +0100,2018-05-01 12:10:00 +0100
1e604045-e229-4fa7-9224-33cc09e76391,5d050bb8-5ca1-465a-afa7-a636a91075e7,2018-05-02 12:45:00 +0100,2018-05-02 13:45:00 +0100
ff496d4e-2ba4-4b39-bc71-b28e98fd1267,eeb0028d-bf24-4cf7-a28f-fe90b7674b34,2018-05-06 17:00:00 +0100,2018-05-06 17:30:00 +0100
235ebb2d-d2be-44b3-a569-a10062df0e50,1bc997d9-d608-4548-a5fd-d628c309315e,2018-05-08 09:15:00 +0100,2018-05-08 09:45:00 +0100
f54fa9af-1922-4074-8247-8d5fc5b07fb6,1f0bf5b2-9e9e-4f8d-b07a-ec330e1ad2cb,2018-05-09 13:30:00 +0100,2018-05-09 13:40:00 +0100
68c06fc5-1a9c-4fe7-a419-e85b480dd89b,dce75599-0164-49da-b266-74026ea078d4,2018-05-13 13:00:00 +0100,2018-05-13 14:00:00 +0100
b2b03f4a-c436-4aab-bb9a-e86c6c465ff7,6907ef58-5db5-4cd0-b740-ea166093bcab,2018-05-13 15:00:00 +0100,2018-05-13 15:20:00 +0100
4b8c5082-111f-426d-94d7-5ec2303ae389,9707e334-5949-4b8f-af5b-e1e8e8afdb94,2018-05-17 17:00:00 +0100,2018-05-17 17:30:00 +0100
494abffb-11a6-4529-bb38-cdf29bcd71fb,271c2bb5-689f-4a00-a552-83605affe02b,2018-05-23 10:15:00 +0100,2018-05-23 13:15:00 +0100
49c51af3-d703-46af-bfa4-dec9cf1772bd,9df98732-1696-45d4-b055-672909bf295c,2018-05-23 16:00:00 +0100,2018-05-23 16:30:00 +0100
771cef47-e385-4722-a616-60819e866d7c,263f67fa-ce8f-447b-98cf-317656542216,2018-05-24 16:30:00 +0100,2018-05-24 17:00:00 +0100
af3f367a-c184-45b9-8d1f-747e1a3a0ba9,6907ef58-5db5-4cd0-b740-ea166093bcab,2018-05-25 13:30:00 +0100,2018-05-25 13:50:00 +0100
48361f7c-4de3-4f19-ba1d-9c7ecae28128,21145506-548b-472c-bcac-8672f940e5bd,2018-05-28 15:00:00 +0100,2018-05-28 15:20:00 +0100
cd63cd3e-ac5b-40c2-9bc6-10bd03073c66,e318192c-e6c7-4b38-bc83-591f54f6d5ab,2018-05-28 17:45:00 +0100,2018-05-28 18:30:00 +0100
a6247fa7-d197-4f2c-be94-08c7d9508048,e0779fa6-7635-4df6-b906-d0d665ce5044,2018-05-31 14:30:00 +0100,2018-05-31 14:40:00 +0100
952142c2-88d9-41b9-8b04-4e087a949f7d,88341059-ecaa-44cc-912e-669a4fbbd63e,2018-06-04 17:15:00 +0100,2018-06-04 17:35:00 +0100
a1dfb85c-1c53-44b5-a906-b1fcf4c76355,4af9418c-ccd5-4c84-b3b2-ead29e3b549c,2018-06-05 12:00:00 +0100,2018-06-05 12:20:00 +0100
fed9ca7a-27b2-4c1f-abdb-1eb9925ff795,78afc583-c1ea-472b-b24d-4316e74d071d,2018-06-06 12:30:00 +0100,2018-06-06 13:30:00 +0100
01d4be81-bcc0-47aa-accb-858ba6933617,7f71a7f3-629b-42c2-a903-9460bf6b1891,2018-06-06 17:30:00 +0100,2018-06-06 17:50:00 +0100
ec51c034-3f20-40ef-a73f-afed682bb273,52edc4cd-ecf1-4c29-b0cd-064f66426d69,2018-06-10 14:45:00 +0100,2018-06-10 17:45:00 +0100
b1ca55f2-6489-4e6a-a2e8-093ef197e548,6db46ac7-105f-415f-91e3-bf1f7fdc2b19,2018-06-12 14:15:00 +0100,2018-06-12 17:15:00 +0100
d53345f4-5072-4dc2-b1e8-4309e3b17fdf,d94ad66f-f1d1-46ad-aaaf-423965dba2fa,2018-06-13 12:00:00 +0100,2018-06-13 13:00:00 +0100
2f31aac9-8225-49a8-926f-bf9d889c3486,a8aa2ef8-4b39-490d-83d0-78298d2dfe0f,2018-06-14 16:15:00 +0100,2018-06-14 16:45:00 +0100
e27454fe-be60-4b95-9855-756217d8b877,08ced56c-f223-4f41-b5dc-76eb6fa15b93,2018-06-19 16:00:00 +0100,2018-06-19 16:30:00 +0100
8228e4ea-e95d-48ff-8282-d1ea2eb80e15,101366e7-9d33-4c36-ad01-173b2d061b1f,2018-06-21 13:30:00 +0100,2018-06-21 14:30:00 +0100
f462e33f-8da5-49ee-95f7-b515b9d91f8e,6fbd3276-6240-4180-8905-8f4287fded83,2018-06-29 15:15:00 +0100,2018-06-29 15:25:00 +0100
f9fd9d10-8832-48a1-b1c9-058fea5e3232,e0b8ebfc-6e57-4661-9546-328c644a3764,2018-07-04 13:00:00 +0100,2018-07-04 13:20:00 +0100
0f318771-612c-419f-a1ee-88553d5f336c,1f0bf5b2-9e9e-4f8d-b07a-ec330e1ad2cb,2018-07-09 15:30:00 +0100,2018-07-09 16:15:00 +0100
463ba6d0-1146-4476-b2f3-45e4d4aaddad,e0779fa6-7635-4df6-b906-d0d665ce5044,2018-07-14 16:00:00 +0100,2018-07-14 16:20:00 +0100
3f4bab74-cb30-42ea-8120-af5ff76e9224,20b469e2-c9f7-49f3-bd3a-e79fe8180d8a,2018-07-15 09:00:00 +0100,2018-07-15 12:00:00 +0100
5617ac4d-9dae-4379-87ec-f3050c179065,e0779fa6-7635-4df6-b906-d0d665ce5044,2018-07-15 14:45:00 +0100,2018-07-15 17:45:00 +0100
c972d919-6e15-492e-8247-d2e12c5a8ed4,936a1aba-a8b2-4d3e-9872-06ff2fec8ab0,2018-07-16 11:45:00 +0100,2018-07-16 12:15:00 +0100
5ced343a-d438-4e09-a5da-79b67cd9f35f,b04e3ac9-c9f0-420a-9c4d-34bd41a46e36,2018-07-16 17:15:00 +0100,2018-07-16 20:15:00 +0100
3aecb6cb-4e2f-49d6-a6b9-ce9065eada12,0d58e3cd-ec74-4120-8dce-c563bba87799,2018-07-17 14:15:00 +0100,2018-07-17 14:25:00 +0100
92cb689a-faa5-46da-8537-ed955b2dd796,65b27e1c-d8be-4a35-be9f-89af57356e2c,2018-07-19 09:15:00 +0100,2018-07-19 09:45:00 +0100
81950f17-3556-4eaa-8469-6f2bb813c57f,de383a04-ba82-4441-87be-7bf9b81fe92d,2018-07-20 14:00:00 +0100,2018-07-20 14:45:00 +0100
238f55bb-911c-466e-8830-5e66de9c2c82,8c4ee803-4c54-4087-a17f-9c53041d35c9,2018-07-22 09:00:00 +0100,2018-07-22 09:20:00 +0100
2e7616e6-475d-4c6f-9e1a-bca5104dd583,b10231f8-d7a2-4486-a4e9-f55bf80e27fe,2018-07-24 17:30:00 +0100,2018-07-24 17:50:00 +0100
b28b9d2f-f210-4f39-bd32-9f56e6bb3095,e86c17d0-3027-47d1-a0e1-05c17d17b7c7,2018-07-26 14:00:00 +0100,2018-07-26 14:10:00 +0100
18e4f32e-5997-494a-9d1b-dfd5984ab02c,e0779fa6-7635-4df6-b906-d0d665ce5044,2018-07-26 17:00:00 +0100,2018-07-26 18:00:00 +0100
87a6c5c9-d515-484a-b9ff-3a5286332ac1,4e2d21e8-180c-4ea9-8384-0b17b4673473,2018-07-27 14:45:00 +0100,2018-07-27 15:30:00 +0100
e1acea1f-24b7-43aa-8a68-61087060a73b,aa1b3e64-8379-4e64-8b1f-d9f542058a44,2018-07-27 17:15:00 +0100,2018-07-27 17:35:00 +0100
0ebca71c-739e-47d1-9e64-7aeeeb2cbebf,de383a04-ba82-4441-87be-7bf9b81fe92d,2018-07-29 14:30:00 +0100,2018-07-29 17:30:00 +0100
b32dfd40-d4a2-427e-bb66-e0eed7bf2e08,52edc4cd-ecf1-4c29-b0cd-064f66426d69,2018-08-05 12:45:00 +0100,2018-08-05 13:45:00 +0100
f8784523-ced5-405e-8a43-f9182ba36e21,263f67fa-ce8f-447b-98cf-317656542216,2018-08-05 14:15:00 +0100,2018-08-05 14:45:00 +0100
04a33cac-1ab7-4287-8dca-8c278492adb1,da076851-9b11-46dc-8da0-1da71bf7d909,2018-08-08 13:00:00 +0100,2018-08-08 13:20:00 +0100
d1a8b7cb-e636-453d-80cf-5a996bb4cbab,08ced56c-f223-4f41-b5dc-76eb6fa15b93,2018-08-13 15:30:00 +0100,2018-08-13 16:15:00 +0100
16edb84e-955d-4e1d-b65e-f45c19a8099c,6fbd3276-6240-4180-8905-8f4287fded83,2018-08-20 10:30:00 +0100,2018-08-20 10:40:00 +0100
cea56273-92e6-4a96-945d-2214a008c618,65b27e1c-d8be-4a35-be9f-89af57356e2c,2018-08-20 11:30:00 +0100,2018-08-20 14:30:00 +0100
841f182c-5d85-4fea-b713-4a9672eb1e02,e6ff36d4-3607-4ef5-9ce8-54442b303e80,2018-08-22 14:00:00 +0100,2018-08-22 14:45:00 +0100
a5d90045-3f6e-4b35-b07e-f1eb992640cd,78afc583-c1ea-472b-b24d-4316e74d071d,2018-08-24 09:45:00 +0100,2018-08-24 10:30:00 +0100
7f83c00d-93d7-4627-91ed-28b67d4763fc,08ced56c-f223-4f41-b5dc-76eb6fa15b93,2018-08-28 15:15:00 +0100,2018-08-28 15:45:00 +0100
50a396b9-2284-4f9a-a39b-59f931f44dd9,d94ad66f-f1d1-46ad-aaaf-423965dba2fa,2018-09-03 13:00:00 +0100,2018-09-03 16:00:00 +0100
8481670b-6e69-4e58-8c0f-6572c8c4bf6b,773bac3b-43da-46c7-8117-8d19142e68f7,2018-09-04 13:45:00 +0100,2018-09-04 14:30:00 +0100
d1fa2a66-efe4-48d4-b9ba-b40be3bb935c,9bcb8313-24b8-4e1f-8abf-47cd05e93b06,2018-09-10 14:30:00 +0100,2018-09-10 15:15:00 +0100
842d4899-2487-4b03-9070-bd89a89a355e,773bac3b-43da-46c7-8117-8d19142e68f7,2018-09-10 15:30:00 +0100,2018-09-10 16:00:00 +0100
0f1ecc47-bbbd-4236-9ebc-f234942b8e9a,aaa9abe4-53cb-47a5-87e6-c56a4496e9f4,2018-09-12 15:45:00 +0100,2018-09-12 16:30:00 +0100
6ea8b169-6e58-4a3e-ba74-ef2d86f9df54,d94ad66f-f1d1-46ad-aaaf-423965dba2fa,2018-09-16 09:15:00 +0100,2018-09-16 10:00:00 +0100
7b7d8a13-4f99-4384-9ef6-e6fc08de0b43,d0195d5b-b4c6-43fc-a204-0f23e4da121f,2018-09-18 15:30:00 +0100,2018-09-18 15:40:00 +0100
4cda1739-fc09-498d-a665-5abc83d5dc9f,5874a4fc-d96c-426f-8ae8-c7dfa5b60c3e,2018-09-19 12:15:00 +0100,2018-09-19 15:15:00 +0100
55d174bc-e19d-4526-9158-f6421a118378,271c2bb5-689f-4a00-a552-83605affe02b,2018-09-20 16:15:00 +0100,2018-09-20 16:25:00 +0100
0ad5c5da-08b2-4845-b612-3528396463f6,104fdf33-c8a2-4f1c-b371-3e9c2facdfa0,2018-09-25 11:15:00 +0100,2018-09-25 14:15:00 +0100
649ad205-2767-431b-a721-4ace64a3e9b1,936a1aba-a8b2-4d3e-9872-06ff2fec8ab0,2018-09-25 17:30:00 +0100,2018-09-25 18:00:00 +0100
786b262f-cd27-45ca-a470-cd586a1d9e40,65b27e1c-d8be-4a35-be9f-89af57356e2c,2018-09-26 16:15:00 +0100,2018-09-26 17:15:00 +0100
03eb0a71-55c1-4065-bc30-6e1305759a3e,e6ff36d4-3607-4ef5-9ce8-54442b303e80,2018-10-02 09:30:00 +0100,2018-10-02 10:15:00 +0100
26db11a2-3e7a-4663-b1b7-37a4747a82f7,e78bdec6-8c8e-42e8-8e0b-f3f9657f4181,2018-10-02 11:00:00 +0100,2018-10-02 12:00:00 +0100
c32d7f53-7a90-4e3f-b229-97d8ae6b553d,08ced56c-f223-4f41-b5dc-76eb6fa15b93,2018-10-02 15:00:00 +0100,2018-10-02 15:30:00 +0100
5059234d-ebdf-43a3-8d25-cc093aa7a939,4f147eda-3805-4cc7-a9aa-a1163ac547b0,2018-10-04 10:45:00 +0100,2018-10-04 10:55:00 +0100
142c0d3f-d214-445c-bd63-3d58e2797993,96d8e298-983a-4232-b0fd-57535eead76a,2018-10-07 12:30:00 +0100,2018-10-07 13:00:00 +0100
6ee4c4b2-5b0b-4484-bfa6-22047d65eeda,20b469e2-c9f7-49f3-bd3a-e79fe8180d8a,2018-10-11 15:30:00 +0100,2018-10-11 18:30:00 +0100
297dce3c-988d-48a1-bfd3-619b0362e304,263f67fa-ce8f-447b-98cf-317656542216,2018-10-13 17:15:00 +0100,2018-10-13 17:25:00 +0100
fcf0775b-126a-4af6-a961-e77b8ca3d919,d0195d5b-b4c6-43fc-a204-0f23e4da121f,2018-10-17 12:15:00 +0100,2018-10-17 13:00:00 +0100
50766cb6-2290-4e04-bc46-2e373cf2a6fe,35455af2-17d4-4790-8f59-c2790fcaf259,2018-10-17 16:45:00 +0100,2018-10-17 19:45:00 +0100
035431d4-9261-497a-8c50-f953127cce3d,104fdf33-c8a2-4f1c-b371-3e9c2facdfa0,2018-10-20 12:15:00 +0100,2018-10-20 13:00:00 +0100
6294f245-173a-41fd-b110-27d1e520da4f,eeb0028d-bf24-4cf7-a28f-fe90b7674b34,2018-10-20 16:00:00 +0100,2018-10-20 16:10:00 +0100
687a556a-ff9f-4eed-bc34-906d53cbc476,4af9418c-ccd5-4c84-b3b2-ead29e3b549c,2018-10-24 12:30:00 +0100,2018-10-24 13:00:00 +0100
15ab50d4-25a0-4d93-be17-e6245a691a15,dce75599-0164-49da-b266-74026ea078d4,2018-10-29 17:45:00 +0000,2018-10-29 20:45:00 +0000
c5b2523b-b191-4fbe-9820-4343c1cab1bb,88341059-ecaa-44cc-912e-669a4fbbd63e,2018-10-30 09:15:00 +0000,2018-10-30 09:25:00 +0000
5732d094-d486-436d-a344-a9e79d8431b9,6db46ac7-105f-415f-91e3-bf1f7fdc2b19,2018-11-01 09:00:00 +0000,2018-11-01 12:00:00 +0000
c7f6d865-87e5-4b09-809e-11daf8c48ff6,db453d54-d7ef-4cc3-b342-52b80fa0936a,2018-11-01 12:30:00 +0000,2018-11-01 13:00:00 +0000
1094725f-1271-4638-8d9c-d5a9744e8688,aaa9abe4-53cb-47a5-87e6-c56a4496e9f4,2018-11-05 16:15:00 +0000,2018-11-05 17:15:00 +0000
440c2293-c882-4fa3-a986-f9b06a3aafee,b04e3ac9-c9f0-420a-9c4d-34bd41a46e36,2018-11-08 09:00:00 +0000,2018-11-08 09:10:00 +0000
c63236bf-e8d5-44cb-8e3b-cb3675f68464,da076851-9b11-46dc-8da0-1da71bf7d909,2018-11-10 11:00:00 +0000,2018-11-10 14:00:00 +0000
a410d2d6-5830-41c0-aee7-91adaead2271,9707e334-5949-4b8f-af5b-e1e8e8afdb94,2018-11-14 15:15:00 +0000,2018-11-14 15:25:00 +0000
1058c017-8cc9-4675-8fe3-b09eb46737e7,104fdf33-c8a2-4f1c-b371-3e9c2facdfa0,2018-11-15 16:45:00 +0000,2018-11-15 19:45:00 +0000
2fa14404-890a-4b83-9088-6fc236d3934f,8f90ea2c-e518-4606-a02d-8c472973ea40,2018-11-16 12:00:00 +0000,2018-11-16 12:30:00 +0000
f543b646-52b9-4c8e-a80c-4573a83b0068,64ae7be5-1a3f-4b98-9392-99993c9821a7,2018-11-22 10:15:00 +0000,2018-11-22 10:25:00 +0000
ade4db25-1159-42f1-ada2-b70bc1b47ac5,0a8ff4b2-d64e-48d1-9bd2-56386b6f2b75,2018-11-23 14:30:00 +0000,2018-11-23 15:00:00 +0000
778ea773-5c57-43c4-873a-226934b1f0a3,5874a4fc-d96c-426f-8ae8-c7dfa5b60c3e,2018-11-25 14:15:00 +0000,2018-11-25 14:35:00 +0000
3d5cb862-f0fa-480a-bac0-e482f4aa39d9,a2c709ef-82a5-4d94-8bc7-138619ca5deb,2018-11-26 13:30:00 +0000,2018-11-26 13:40:00 +0000
cab9074c-3ec9-4dba-8745-82a6196d7bca,1b367dbb-8671-435f-a38f-afd71483ee30,2018-11-26 16:30:00 +0000,2018-11-26 17:30:00 +0000
fcd8e520-7a13-4bb1-a8d5-1f2a6d3bc97e,0296c403-c298-4ccd-acd6-422cf9d27728,2018-12-03 09:30:00 +0000,2018-12-03 12:30:00 +0000
e5372ef8-5db3-403c-b7c5-f1e7fdc7b7d2,0d64d654-e493-4165-830a-098030e9a5ce,2018-12-03 15:00:00 +0000,2018-12-03 15:20:00 +0000
2f2a444c-c5ef-4bbb-a368-12d1b9924f10,6907ef58-5db5-4cd0-b740-ea166093bcab,2018-12-04 14:00:00 +0000,2018-12-04 15:00:00 +0000
1c85fe65-4eb8-4e65-9736-e2795d5f05fe,6db46ac7-105f-415f-91e3-bf1f7fdc2b19,2018-12-04 15:00:00 +0000,2018-12-04 15:10:00 +0000
28a37e6a-117e-44ba-86dd-453e78f368a1,4e2d21e8-180c-4ea9-8384-0b17b4673473,2018-12-04 17:00:00 +0000,2018-12-04 17:10:00 +0000
d8d46378-a244-4cf9-951a-a24a2d35a591,a1fa2efb-1bf3-4d8b-a2c8-154ab7899f32,2018-12-07 16:45:00 +0000,2018-12-07 17:30:00 +0000
a2a83ff4-1308-4453-91bf-010ad4478f43,e318192c-e6c7-4b38-bc83-591f54f6d5ab,2018-12-09 12:00:00 +0000,2018-12-09 13:00:00 +0000
6239337d-a878-4d04-9a9d-b5ac237705b6,76a36ce4-67f1-45b1-8659-e04ce18cb059,2018-12-10 11:00:00 +0000,2018-12-10 11:45:00 +0000
b99992b1-d84f-4eaf-a32a-d96d63fb1be0,8c4ee803-4c54-4087-a17f-9c53041d35c9,2018-12-10 11:45:00 +0000,2018-12-10 12:30:00 +0000
8a98dc17-9465-492d-a1d3-c97fcc585adc,8f90ea2c-e518-4606-a02d-8c472973ea40,2018-12-10 16:00:00 +0000,2018-12-10 19:00:00 +0000
87246018-3172-48f4-b956-0728d3724914,d94ad66f-f1d1-46ad-aaaf-423965dba2fa,2018-12-11 11:00:00 +0000,2018-12-11 11:45:00 +0000
2f5b55f4-74fb-426f-a7a5-14cb8c0a8d5e,7f71a7f3-629b-42c2-a903-9460bf6b1891,2018-12-14 09:15:00 +0000,2018-12-14 12:15:00 +0000
4da34233-d62c-48de-8e17-206a276f2b7b,773bac3b-43da-46c7-8117-8d19142e68f7,2018-12-17 11:30:00 +0000,2018-12-17 12:30:00 +0000
d2099acd-aa06-4697-8506-e7fbb5a8cacd,8f90ea2c-e518-4606-a02d-8c472973ea40,2018-12-20 14:30:00 +0000,2018-12-20 14:50:00 +0000
97f95de2-b738-47cd-8846-2b5b24f6faaa,2f16fb54-3113-4bca-83c0-6bdefd612520,2018-12-22 15:00:00 +0000,2018-12-22 15:30:00 +0000
b4331833-cdce-4468-bde8-74770ea05368,21145506-548b-472c-bcac-8672f940e5bd,2018-12-24 14:15:00 +0000,2018-12-24 15:00:00 +0000
377005a8-8bee-4ca5-8df6-128322dbd5a5,88341059-ecaa-44cc-912e-669a4fbbd63e,2018-12-27 10:15:00 +0000,2018-12-27 10:45:00 +0000
758b26b6-bb80-437b-834e-c8f1541a66ac,18e928f0-dfe6-4609-9a8b-072de89bc3cb,2018-12-29 11:00:00 +0000,2018-12-29 11:30:00 +0000
6afa8399-8635-4b6c-9a71-175db7d4f298,e0779fa6-7635-4df6-b906-d0d665ce5044,2018-12-31 12:00:00 +0000,2018-12-31 12:30:00 +0000
aa06df10-5b32-4d16-9a5e-1ee0d816caeb,549b0574-ae7d-441b-8c67-bc2f98cc753a,2018-12-31 13:15:00 +0000,2018-12-31 16:15:00 +0000
e921d96a-78d6-40e9-b57a-62d7e0c6fa13,104fdf33-c8a2-4f1c-b371-3e9c2facdfa0,2019-01-02 15:00:00 +0000,2019-01-02 15:45:00 +0000
978a1427-f825-4b59-9425-32615d6af284,a8aa2ef8-4b39-490d-83d0-78298d2dfe0f,2019-01-12 11:45:00 +0000,2019-01-12 12:15:00 +0000
636f28b3-97c9-4958-9be3-3d0c17ec228e,549b0574-ae7d-441b-8c67-bc2f98cc753a,2019-01-23 13:15:00 +0000,2019-01-23 13:25:00 +0000
fd764733-5d28-4bc7-a93a-aa3622300e52,6907ef58-5db5-4cd0-b740-ea166093bcab,2019-01-25 09:45:00 +0000,2019-01-25 10:45:00 +0000
8d510ea5-6d35-48f3-9e5d-2a400bd41fce,a8aa2ef8-4b39-490d-83d0-78298d2dfe0f,2019-01-27 12:15:00 +0000,2019-01-27 12:35:00 +0000
63bb9ec5-8799-46f5-9b8c-04bddcb6434b,88341059-ecaa-44cc-912e-669a4fbbd63e,2019-01-27 12:30:00 +0000,2019-01-27 13:00:00 +0000
a670567d-bb09-4eaa-8e15-9ffdb1b50e7b,379eac1e-1c79-4478-b83e-17a726d154a7,2019-01-30 15:30:00 +0000,2019-01-30 18:30:00 +0000
8a6dd2d9-cd8d-4b46-9971-cc7d4fcd0bff,690133c1-785c-49b1-8c59-4416a8545260,2019-02-02 10:15:00 +0000,2019-02-02 11:15:00 +0000
